Posição,Grupo,Nome,2022-04-03,2022-04-04,2022-04-05,2022-04-06,2022-04-07,2022-04-08,2022-04-09,2022-04-10,2022-04-11,2022-04-12,2022-04-13,2022-04-14,2022-04-15,2022-04-16,2022-04-17,2022-04-18,2022-04-19,2022-04-20,2022-04-21,2022-04-22,2022-04-23,2022-04-24,2022-04-25,2022-04-26,2022-04-27,2022-04-28,2022-04-29,2022-04-30,2022-05-01,2022-05-02,2022-05-03,2022-05-04,2022-05-05,2022-05-06,2022-05-07,2022-05-08,2022-05-09,2022-05-10,2022-05-11,2022-05-12,2022-05-13,2022-05-14,2022-05-15,2022-05-16,2022-05-17,2022-05-18,2022-05-19,2022-05-20,2022-05-21,2022-05-22,2022-05-23,2022-05-24,2022-05-25,2022-05-26,2022-05-27,2022-05-28,2022-05-29,2022-05-30,2022-05-31,2022-06-01,2022-06-02,2022-06-03,2022-06-04,2022-06-05,2022-06-06,2022-06-07,2022-06-08,2022-06-09,2022-06-10,2022-06-11,2022-06-12,2022-06-13,2022-06-14,2022-06-15,2022-06-16,2022-06-17,2022-06-18,2022-06-19,2022-06-20,2022-06-21,2022-06-22,2022-06-23,2022-06-24,2022-06-25,2022-06-26,2022-06-27,2022-06-28,2022-06-29,2022-06-30,2022-07-01,2022-07-02,2022-07-03,2022-07-04,2022-07-05,2022-07-06,2022-07-07,2022-07-08,2022-07-09,2022-07-10,2022-07-11,2022-07-12,2022-07-13,2022-07-14,2022-07-15,2022-07-16,2022-07-17,2022-07-18,2022-07-19,2022-07-20,2022-07-21,2022-07-22,2022-07-23,2022-07-24,2022-07-25,2022-07-26,2022-07-27,2022-07-28,2022-07-29,2022-07-30,2022-07-31,2022-08-01,2022-08-02,2022-08-03,2022-08-04,2022-08-05,2022-08-06,2022-08-07,2022-08-08,2022-08-09,2022-08-10,2022-08-11,2022-08-12,2022-08-13,2022-08-14,2022-08-15,2022-08-16,2022-08-17,2022-08-18,2022-08-19,2022-08-20,2022-08-21,2022-08-22,2022-08-23,2022-08-24,2022-08-25,2022-08-26,2022-08-27,2022-08-28,2022-08-29,2022-08-30,2022-08-31,2022-09-01,2022-09-02,2022-09-03,2022-09-04,2022-09-05,2022-09-06,2022-09-07,2022-09-08,2022-09-09,2022-09-10,2022-09-11,2022-09-12,2022-09-13,2022-09-14,2022-09-15,2022-09-16,2022-09-17,2022-09-18,2022-09-19,2022-09-20,2022-09-21,2022-09-22,2022-09-23,2022-09-24,2022-09-25,2022-09-26,2022-09-27,2022-09-28,2022-09-29,2022-09-30,2022-10-01,2022-10-02,2022-10-03,2022-10-04,2022-10-05,2022-10-06,2022-10-07,2022-10-08,2022-10-09,2022-10-10,2022-10-11,2022-10-12,2022-10-13,2022-10-14,2022-10-15,2022-10-16,2022-10-17,2022-10-18,2022-10-19,2022-10-20,2022-10-21,2022-10-22,2022-10-23,2022-10-24,2022-10-25,2022-10-26,2022-10-27,2022-10-28,2022-10-29,2022-10-30,2022-10-31,2022-11-01,2022-11-02,2022-11-03,2022-11-04,2022-11-05,2022-11-06,2022-11-07,2022-11-08,2022-11-09,2022-11-10,2022-11-11,2022-11-12,2022-11-13,2022-11-14,2022-11-15,2022-11-16,2022-11-17,2022-11-18,2022-11-19,2022-11-20,2022-11-21,2022-11-22,2022-11-23,2022-11-24,2022-11-25,2022-11-26,2022-11-27,2022-11-28,2022-11-29,2022-11-30,2022-12-01,2022-12-02,2022-12-03,2022-12-04,2022-12-05,2022-12-06,2022-12-07,2022-12-08,2022-12-09,2022-12-10,2022-12-11,2022-12-12,2022-12-13,2022-12-14,2022-12-15,2022-12-16,2022-12-17,2022-12-18,2022-12-19,2022-12-20,2022-12-21,2022-12-22,2022-12-23,2022-12-24,2022-12-25,2022-12-26,2022-12-27,2022-12-28,2022-12-29,2022-12-30,
Operadores,0,31,D,D,M,M,M,M,M,D,T,D,T,T,T,T,D,N,N,N,N,N,D,D,M,D,M,M,M,M,D,T,T,T,T,T,D,D,N,N,N,N,N,D,D,D,M,M,M,M,M,D,D,T,T,T,T,T,D,N,N,N,N,N,D,D,M,D,M,M,M,M,D,T,D,T,T,T,T,D,N,N,N,N,N,D,D,M,M,M,M,D,M,D,T,T,D,T,T,T,D,N,N,N,N,N,D,D,M,M,M,M,M,D,D,T,T,T,T,D,T,D,N,N,N,N,N,D,D,M,M,M,D,M,M,D,D,T,T,T,T,T,D,N,N,N,N,N,D,D,M,M,M,M,D,M,D,D,T,T,T,T,T,D,N,N,N,N,N,D,D,M,M,M,D,M,M,D,T,T,T,T,T,D,D,N,N,N,N,N,D,D,M,M,D,M,M,M,D,T,T,T,T,D,T,D,N,N,N,N,N,D,D,M,M,D,M,M,M,D,D,T,T,T,T,T,D,N,N,N,N,N,D,D,M,M,M,M,D,M,D,T,D,T,T,T,T,D,N,N,N,N,N,D,D,M,M,M,M,M,D,D,T,T,T,T,T,D,D,N,N,N,N,N
Operadores,0,14,D,M,M,M,D,M,M,D,T,T,T,T,T,D,D,N,N,N,N,N,D,D,D,M,M,M,M,M,D,T,T,T,T,D,T,D,N,N,N,N,N,D,D,M,M,M,D,M,M,D,T,T,T,T,D,T,D,N,N,N,N,N,D,D,M,M,M,M,M,D,D,T,T,T,D,T,T,D,N,N,N,N,N,D,D,M,M,D,M,M,M,D,T,T,T,D,T,T,D,N,N,N,N,N,D,D,M,D,M,M,M,M,D,D,T,T,T,T,T,D,N,N,N,N,N,D,D,D,M,M,M,M,M,D,T,T,T,T,D,T,D,N,N,N,N,N,D,D,D,M,M,M,M,M,D,T,T,T,T,D,T,D,N,N,N,N,N,D,D,M,M,M,M,M,D,D,T,T,T,T,D,T,D,N,N,N,N,N,D,D,M,M,M,M,M,D,D,T,D,T,T,T,T,D,N,N,N,N,N,D,D,M,M,M,D,M,M,D,T,T,T,D,T,T,D,N,N,N,N,N,D,D,M,M,M,D,M,M,D,T,T,T,T,T,D,D,N,N,N,N,N,D,D,M,M,M,D,M,M,D,T,D,T,T,T,T,D,N,N,N,N,N
Operadores,0,76,D,M,M,M,M,D,M,D,T,D,T,T,T,T,D,N,N,N,N,N,D,D,M,M,M,M,M,D,D,T,T,T,T,D,T,D,N,N,N,N,N,D,D,M,M,M,D,M,M,D,D,T,T,T,T,T,D,N,N,N,N,N,D,D,M,M,M,M,D,M,D,T,T,D,T,T,T,D,N,N,N,N,N,D,D,M,D,M,M,M,M,D,T,D,T,T,T,T,D,N,N,N,N,N,D,D,M,M,D,M,M,M,D,T,D,T,T,T,T,D,N,N,N,N,N,D,D,M,M,M,M,D,M,D,T,T,T,T,T,D,D,N,N,N,N,N,D,D,M,D,M,M,M,M,D,T,T,D,T,T,T,D,N,N,N,N,N,D,D,D,M,M,M,M,M,D,D,T,T,T,T,T,D,N,N,N,N,N,D,D,M,M,M,M,D,M,D,T,D,T,T,T,T,D,N,N,N,N,N,D,D,M,M,M,M,M,D,D,T,T,T,D,T,T,D,N,N,N,N,N,D,D,M,D,M,M,M,M,D,T,D,T,T,T,T,D,N,N,N,N,N,D,D,M,D,M,M,M,M,D,D,T,T,T,T,T,D,N,N,N,N,N
Operadores,0,41,D,D,M,M,M,M,M,D,T,T,T,D,T,T,D,N,N,N,N,N,D,D,M,M,M,D,M,M,D,T,T,T,T,T,D,D,N,N,N,N,N,D,D,M,D,M,M,M,M,D,T,T,T,D,T,T,D,N,N,N,N,N,D,D,M,M,M,M,M,D,D,T,T,T,T,D,T,D,N,N,N,N,N,D,D,D,M,M,M,M,M,D,D,T,T,T,T,T,D,N,N,N,N,N,D,D,M,M,D,M,M,M,D,T,T,D,T,T,T,D,N,N,N,N,N,D,D,M,M,D,M,M,M,D,T,T,D,T,T,T,D,N,N,N,N,N,D,D,M,M,M,M,D,M,D,T,T,D,T,T,T,D,N,N,N,N,N,D,D,M,M,M,D,M,M,D,T,T,D,T,T,T,D,N,N,N,N,N,D,D,M,D,M,M,M,M,D,T,T,T,T,D,T,D,N,N,N,N,N,D,D,M,M,M,M,D,M,D,T,T,T,T,T,D,D,N,N,N,N,N,D,D,M,D,M,M,M,M,D,T,T,T,D,T,T,D,N,N,N,N,N,D,D,M,M,D,M,M,M,D,T,T,T,T,D,T,D,N,N,N,N,N
Operadores,0,95,D,M,M,M,M,M,D,D,D,T,T,T,T,T,D,N,N,N,N,N,D,D,M,M,M,M,D,M,D,T,T,D,T,T,T,D,N,N,N,N,N,D,D,M,M,M,M,D,M,D,T,T,T,D,T,T,D,N,N,N,N,N,D,D,M,D,M,M,M,M,D,D,T,T,T,T,T,D,N,N,N,N,N,D,D,M,M,M,M,M,D,D,T,T,T,T,D,T,D,N,N,N,N,N,D,D,M,M,M,M,D,M,D,D,T,T,T,T,T,D,N,N,N,N,N,D,D,M,M,M,D,M,M,D,T,D,T,T,T,T,D,N,N,N,N,N,D,D,M,D,M,M,M,M,D,T,T,T,D,T,T,D,N,N,N,N,N,D,D,M,D,M,M,M,M,D,T,D,T,T,T,T,D,N,N,N,N,N,D,D,M,D,M,M,M,M,D,T,T,T,T,T,D,D,N,N,N,N,N,D,D,M,M,M,M,M,D,D,T,T,T,T,D,T,D,N,N,N,N,N,D,D,M,M,M,D,M,M,D,T,T,T,D,T,T,D,N,N,N,N,N,D,D,M,M,M,M,M,D,D,T,T,T,T,D,T,D,N,N,N,N,N
Operadores,0,27,D,M,D,M,M,M,M,D,T,T,T,T,T,D,D,N,N,N,N,N,D,D,M,D,M,M,M,M,D,T,D,T,T,T,T,D,N,N,N,N,N,D,D,M,D,M,M,M,M,D,T,T,D,T,T,T,D,N,N,N,N,N,D,D,M,M,M,M,D,M,D,T,T,T,T,D,T,D,N,N,N,N,N,D,D,M,M,M,D,M,M,D,T,T,T,T,T,D,D,N,N,N,N,N,D,D,D,M,M,M,M,M,D,T,T,D,T,T,T,D,N,N,N,N,N,D,D,M,M,M,M,M,D,D,D,T,T,T,T,T,D,N,N,N,N,N,D,D,M,M,M,M,M,D,D,T,D,T,T,T,T,D,N,N,N,N,N,D,D,M,M,D,M,M,M,D,T,T,T,T,T,D,D,N,N,N,N,N,D,D,D,M,M,M,M,M,D,D,T,T,T,T,T,D,N,N,N,N,N,D,D,M,M,M,M,D,M,D,T,D,T,T,T,T,D,N,N,N,N,N,D,D,D,M,M,M,M,M,D,D,T,T,T,T,T,D,N,N,N,N,N,D,D,M,M,M,M,D,M,D,T,T,T,D,T,T,D,N,N,N,N,N
Operadores,0,81,D,M,M,M,M,M,D,D,T,T,T,D,T,T,D,N,N,N,N,N,D,D,M,M,M,M,M,D,D,T,T,T,D,T,T,D,N,N,N,N,N,D,D,M,M,M,M,M,D,D,T,T,T,T,T,D,D,N,N,N,N,N,D,D,M,M,D,M,M,M,D,T,T,T,T,T,D,D,N,N,N,N,N,D,D,M,D,M,M,M,M,D,D,T,T,T,T,T,D,N,N,N,N,N,D,D,M,M,M,D,M,M,D,T,T,T,D,T,T,D,N,N,N,N,N,D,D,D,M,M,M,M,M,D,T,D,T,T,T,T,D,N,N,N,N,N,D,D,M,M,M,D,M,M,D,T,D,T,T,T,T,D,N,N,N,N,N,D,D,D,M,M,M,M,M,D,T,T,T,D,T,T,D,N,N,N,N,N,D,D,M,M,M,M,M,D,D,T,T,T,D,T,T,D,N,N,N,N,N,D,D,M,D,M,M,M,M,D,D,T,T,T,T,T,D,N,N,N,N,N,D,D,M,M,M,M,M,D,D,T,T,T,T,T,D,D,N,N,N,N,N,D,D,M,M,M,M,D,M,D,T,T,T,D,T,T,D,N,N,N,N,N
Operadores,0,39,D,M,M,D,M,M,M,D,T,T,T,T,D,T,D,N,N,N,N,N,D,D,M,M,D,M,M,M,D,T,T,T,D,T,T,D,N,N,N,N,N,D,D,M,M,D,M,M,M,D,T,D,T,T,T,T,D,N,N,N,N,N,D,D,D,M,M,M,M,M,D,D,T,T,T,T,T,D,N,N,N,N,N,D,D,M,M,M,M,M,D,D,T,T,T,D,T,T,D,N,N,N,N,N,D,D,M,D,M,M,M,M,D,T,T,T,D,T,T,D,N,N,N,N,N,D,D,M,M,M,M,M,D,D,T,T,D,T,T,T,D,N,N,N,N,N,D,D,M,M,M,D,M,M,D,T,T,T,T,T,D,D,N,N,N,N,N,D,D,M,M,M,M,D,M,D,D,T,T,T,T,T,D,N,N,N,N,N,D,D,M,M,D,M,M,M,D,D,T,T,T,T,T,D,N,N,N,N,N,D,D,M,M,M,D,M,M,D,T,T,D,T,T,T,D,N,N,N,N,N,D,D,M,M,D,M,M,M,D,T,T,D,T,T,T,D,N,N,N,N,N,D,D,M,M,M,D,M,M,D,T,T,D,T,T,T,D,N,N,N,N,N
Operadores,0,47,D,M,M,D,M,M,M,D,T,T,T,T,D,T,D,N,N,N,N,N,D,D,D,M,M,M,M,M,D,D,T,T,T,T,T,D,N,N,N,N,N,D,D,M,M,D,M,M,M,D,T,D,T,T,T,T,D,N,N,N,N,N,D,D,D,M,M,M,M,M,D,T,T,T,T,T,D,D,N,N,N,N,N,D,D,M,M,M,M,D,M,D,T,T,T,T,D,T,D,N,N,N,N,N,D,D,M,M,M,M,D,M,D,T,T,T,T,T,D,D,N,N,N,N,N,D,D,M,M,M,M,D,M,D,T,T,T,D,T,T,D,N,N,N,N,N,D,D,M,M,M,M,M,D,D,T,T,T,T,T,D,D,N,N,N,N,N,D,D,M,D,M,M,M,M,D,T,D,T,T,T,T,D,N,N,N,N,N,D,D,M,M,M,D,M,M,D,T,T,D,T,T,T,D,N,N,N,N,N,D,D,D,M,M,M,M,M,D,T,D,T,T,T,T,D,N,N,N,N,N,D,D,M,M,M,M,D,M,D,T,T,T,T,D,T,D,N,N,N,N,N,D,D,M,M,D,M,M,M,D,T,T,T,T,T,D,D,N,N,N,N,N
Operadores,0,34,D,M,M,M,D,M,M,D,D,T,T,T,T,T,D,N,N,N,N,N,D,D,M,M,M,D,M,M,D,D,T,T,T,T,T,D,N,N,N,N,N,D,D,M,M,M,M,M,D,D,T,T,T,T,T,D,D,N,N,N,N,N,D,D,M,M,D,M,M,M,D,T,D,T,T,T,T,D,N,N,N,N,N,D,D,M,M,D,M,M,M,D,T,D,T,T,T,T,D,N,N,N,N,N,D,D,M,M,M,M,M,D,D,T,T,T,T,T,D,D,N,N,N,N,N,D,D,M,D,M,M,M,M,D,T,T,T,T,T,D,D,N,N,N,N,N,D,D,M,M,D,M,M,M,D,T,T,T,T,D,T,D,N,N,N,N,N,D,D,M,M,M,M,M,D,D,T,T,D,T,T,T,D,N,N,N,N,N,D,D,D,M,M,M,M,M,D,T,T,T,D,T,T,D,N,N,N,N,N,D,D,M,M,D,M,M,M,D,T,T,T,T,T,D,D,N,N,N,N,N,D,D,D,M,M,M,M,M,D,D,T,T,T,T,T,D,N,N,N,N,N,D,D,D,M,M,M,M,M,D,T,T,D,T,T,T,D,N,N,N,N,N
Operadores,0,66,D,M,D,M,M,M,M,D,T,T,D,T,T,T,D,N,N,N,N,N,D,D,M,M,D,M,M,M,D,T,T,D,T,T,T,D,N,N,N,N,N,D,D,D,M,M,M,M,M,D,T,T,D,T,T,T,D,N,N,N,N,N,D,D,M,M,M,D,M,M,D,T,T,T,D,T,T,D,N,N,N,N,N,D,D,D,M,M,M,M,M,D,T,T,T,T,T,D,D,N,N,N,N,N,D,D,D,M,M,M,M,M,D,T,T,T,T,D,T,D,N,N,N,N,N,D,D,M,D,M,M,M,M,D,T,T,T,D,T,T,D,N,N,N,N,N,D,D,D,M,M,M,M,M,D,T,T,T,D,T,T,D,N,N,N,N,N,D,D,M,M,M,M,D,M,D,T,T,T,D,T,T,D,N,N,N,N,N,D,D,M,M,M,D,M,M,D,T,T,T,T,T,D,D,N,N,N,N,N,D,D,D,M,M,M,M,M,D,T,T,D,T,T,T,D,N,N,N,N,N,D,D,M,M,D,M,M,M,D,T,T,T,T,D,T,D,N,N,N,N,N,D,D,M,D,M,M,M,M,D,D,T,T,T,T,T,D,N,N,N,N,N
Operadores,1,65,D,D,T,T,T,T,T,D,N,N,N,N,N,D,D,M,M,M,M,D,M,D,T,T,T,T,D,T,D,N,N,N,N,N,D,D,D,M,M,M,M,M,D,T,T,T,D,T,T,D,N,N,N,N,N,D,D,M,D,M,M,M,M,D,T,D,T,T,T,T,D,N,N,N,N,N,D,D,M,D,M,M,M,M,D,D,T,T,T,T,T,D,N,N,N,N,N,D,D,M,M,M,M,M,D,D,T,D,T,T,T,T,D,N,N,N,N,N,D,D,M,M,M,M,D,M,D,D,T,T,T,T,T,D,N,N,N,N,N,D,D,M,M,M,M,M,D,D,T,T,T,T,D,T,D,N,N,N,N,N,D,D,M,M,D,M,M,M,D,D,T,T,T,T,T,D,N,N,N,N,N,D,D,M,M,M,M,M,D,D,T,T,T,T,D,T,D,N,N,N,N,N,D,D,D,M,M,M,M,M,D,T,T,T,T,D,T,D,N,N,N,N,N,D,D,M,M,M,M,D,M,D,T,T,T,T,T,D,D,N,N,N,N,N,D,D,M,M,D,M,M,M,D,T,D,T,T,T,T,D,N,N,N,N,N,D,D,M,M,D,M,M
Operadores,1,42,D,T,T,T,D,T,T,D,N,N,N,N,N,D,D,M,M,M,M,M,D,D,T,T,D,T,T,T,D,N,N,N,N,N,D,D,M,M,M,D,M,M,D,T,T,D,T,T,T,D,N,N,N,N,N,D,D,M,M,M,D,M,M,D,T,T,T,D,T,T,D,N,N,N,N,N,D,D,M,D,M,M,M,M,D,T,T,D,T,T,T,D,N,N,N,N,N,D,D,M,D,M,M,M,M,D,T,D,T,T,T,T,D,N,N,N,N,N,D,D,M,M,M,M,D,M,D,T,D,T,T,T,T,D,N,N,N,N,N,D,D,M,M,M,D,M,M,D,T,D,T,T,T,T,D,N,N,N,N,N,D,D,D,M,M,M,M,M,D,T,T,D,T,T,T,D,N,N,N,N,N,D,D,M,M,M,D,M,M,D,T,T,T,T,D,T,D,N,N,N,N,N,D,D,M,D,M,M,M,M,D,T,T,D,T,T,T,D,N,N,N,N,N,D,D,M,D,M,M,M,M,D,T,T,T,T,D,T,D,N,N,N,N,N,D,D,M,M,M,M,D,M,D,D,T,T,T,T,T,D,N,N,N,N,N,D,D,M,D,M,M,M
Operadores,1,0,D,D,T,T,T,T,T,D,N,N,N,N,N,D,D,D,M,M,M,M,M,D,T,T,T,T,D,T,D,N,N,N,N,N,D,D,M,M,M,D,M,M,D,T,T,D,T,T,T,D,N,N,N,N,N,D,D,M,M,M,M,D,M,D,T,D,T,T,T,T,D,N,N,N,N,N,D,D,M,M,M,D,M,M,D,T,T,T,T,D,T,D,N,N,N,N,N,D,D,M,M,M,M,D,M,D,T,T,T,T,T,D,D,N,N,N,N,N,D,D,D,M,M,M,M,M,D,T,D,T,T,T,T,D,N,N,N,N,N,D,D,D,M,M,M,M,M,D,T,T,D,T,T,T,D,N,N,N,N,N,D,D,M,M,M,M,D,M,D,T,T,T,T,T,D,D,N,N,N,N,N,D,D,M,D,M,M,M,M,D,D,T,T,T,T,T,D,N,N,N,N,N,D,D,M,D,M,M,M,M,D,T,T,T,T,T,D,D,N,N,N,N,N,D,D,D,M,M,M,M,M,D,T,T,T,T,T,D,D,N,N,N,N,N,D,D,M,M,M,M,D,M,D,T,T,T,T,D,T,D,N,N,N,N,N,D,D,M,M,M,M,M
Operadores,1,8,D,T,T,T,D,T,T,D,N,N,N,N,N,D,D,M,M,D,M,M,M,D,T,T,T,D,T,T,D,N,N,N,N,N,D,D,M,M,M,M,D,M,D,T,D,T,T,T,T,D,N,N,N,N,N,D,D,M,M,M,M,M,D,D,T,T,T,T,T,D,D,N,N,N,N,N,D,D,M,M,M,M,M,D,D,T,D,T,T,T,T,D,N,N,N,N,N,D,D,M,M,D,M,M,M,D,T,T,T,T,D,T,D,N,N,N,N,N,D,D,M,M,M,M,M,D,D,T,T,T,T,D,T,D,N,N,N,N,N,D,D,M,M,D,M,M,M,D,T,T,T,D,T,T,D,N,N,N,N,N,D,D,M,D,M,M,M,M,D,D,T,T,T,T,T,D,N,N,N,N,N,D,D,M,M,M,D,M,M,D,T,T,T,D,T,T,D,N,N,N,N,N,D,D,M,M,M,M,M,D,D,T,T,T,T,D,T,D,N,N,N,N,N,D,D,M,M,M,M,M,D,D,D,T,T,T,T,T,D,N,N,N,N,N,D,D,D,M,M,M,M,M,D,T,T,T,D,T,T,D,N,N,N,N,N,D,D,M,M,M,M,M
Operadores,1,18,D,T,D,T,T,T,T,D,N,N,N,N,N,D,D,M,D,M,M,M,M,D,T,T,T,T,T,D,D,N,N,N,N,N,D,D,M,M,M,M,M,D,D,T,T,T,D,T,T,D,N,N,N,N,N,D,D,M,M,M,M,D,M,D,T,T,T,D,T,T,D,N,N,N,N,N,D,D,M,M,M,M,D,M,D,T,T,T,T,D,T,D,N,N,N,N,N,D,D,M,M,M,D,M,M,D,T,T,T,T,D,T,D,N,N,N,N,N,D,D,M,D,M,M,M,M,D,T,T,T,T,T,D,D,N,N,N,N,N,D,D,M,M,D,M,M,M,D,T,T,T,T,T,D,D,N,N,N,N,N,D,D,M,M,M,M,D,M,D,T,T,D,T,T,T,D,N,N,N,N,N,D,D,M,D,M,M,M,M,D,T,D,T,T,T,T,D,N,N,N,N,N,D,D,M,M,M,D,M,M,D,T,D,T,T,T,T,D,N,N,N,N,N,D,D,M,M,D,M,M,M,D,T,T,D,T,T,T,D,N,N,N,N,N,D,D,M,M,M,M,M,D,D,T,D,T,T,T,T,D,N,N,N,N,N,D,D,M,M,M,M,M
Operadores,1,77,D,T,T,T,T,D,T,D,N,N,N,N,N,D,D,D,M,M,M,M,M,D,D,T,T,T,T,T,D,N,N,N,N,N,D,D,M,M,D,M,M,M,D,D,T,T,T,T,T,D,N,N,N,N,N,D,D,M,M,M,D,M,M,D,T,T,T,T,D,T,D,N,N,N,N,N,D,D,M,M,M,M,D,M,D,D,T,T,T,T,T,D,N,N,N,N,N,D,D,D,M,M,M,M,M,D,T,T,D,T,T,T,D,N,N,N,N,N,D,D,M,M,D,M,M,M,D,T,T,T,T,D,T,D,N,N,N,N,N,D,D,D,M,M,M,M,M,D,T,T,T,D,T,T,D,N,N,N,N,N,D,D,M,M,M,D,M,M,D,T,T,T,T,T,D,D,N,N,N,N,N,D,D,M,M,M,M,D,M,D,T,D,T,T,T,T,D,N,N,N,N,N,D,D,D,M,M,M,M,M,D,T,T,D,T,T,T,D,N,N,N,N,N,D,D,M,M,M,D,M,M,D,D,T,T,T,T,T,D,N,N,N,N,N,D,D,M,D,M,M,M,M,D,T,T,T,T,T,D,D,N,N,N,N,N,D,D,D,M,M,M,M
Operadores,1,74,D,T,T,T,T,T,D,D,N,N,N,N,N,D,D,M,M,M,D,M,M,D,T,T,T,T,T,D,D,N,N,N,N,N,D,D,M,M,M,M,M,D,D,T,T,T,T,D,T,D,N,N,N,N,N,D,D,M,D,M,M,M,M,D,T,T,T,T,D,T,D,N,N,N,N,N,D,D,D,M,M,M,M,M,D,T,T,T,D,T,T,D,N,N,N,N,N,D,D,M,M,M,M,M,D,D,D,T,T,T,T,T,D,N,N,N,N,N,D,D,M,D,M,M,M,M,D,D,T,T,T,T,T,D,N,N,N,N,N,D,D,M,D,M,M,M,M,D,T,D,T,T,T,T,D,N,N,N,N,N,D,D,M,M,M,M,M,D,D,T,T,T,T,D,T,D,N,N,N,N,N,D,D,D,M,M,M,M,M,D,T,T,D,T,T,T,D,N,N,N,N,N,D,D,M,M,M,M,D,M,D,T,T,T,D,T,T,D,N,N,N,N,N,D,D,M,M,M,M,M,D,D,T,T,T,D,T,T,D,N,N,N,N,N,D,D,M,M,M,D,M,M,D,T,T,T,D,T,T,D,N,N,N,N,N,D,D,M,M,M,M,M
Operadores,1,97,D,T,T,D,T,T,T,D,N,N,N,N,N,D,D,M,M,D,M,M,M,D,T,D,T,T,T,T,D,N,N,N,N,N,D,D,M,M,M,M,D,M,D,T,T,T,T,T,D,D,N,N,N,N,N,D,D,M,M,D,M,M,M,D,D,T,T,T,T,T,D,N,N,N,N,N,D,D,M,M,D,M,M,M,D,T,T,T,T,T,D,D,N,N,N,N,N,D,D,D,M,M,M,M,M,D,T,T,T,T,T,D,D,N,N,N,N,N,D,D,D,M,M,M,M,M,D,T,T,D,T,T,T,D,N,N,N,N,N,D,D,M,M,M,M,D,M,D,D,T,T,T,T,T,D,N,N,N,N,N,D,D,D,M,M,M,M,M,D,T,D,T,T,T,T,D,N,N,N,N,N,D,D,M,M,D,M,M,M,D,D,T,T,T,T,T,D,N,N,N,N,N,D,D,M,M,M,M,D,M,D,T,T,T,T,T,D,D,N,N,N,N,N,D,D,D,M,M,M,M,M,D,T,T,T,D,T,T,D,N,N,N,N,N,D,D,M,M,M,D,M,M,D,T,T,D,T,T,T,D,N,N,N,N,N,D,D,M,M,M,M,D
Operadores,1,70,D,T,D,T,T,T,T,D,N,N,N,N,N,D,D,M,M,M,M,M,D,D,T,T,T,D,T,T,D,N,N,N,N,N,D,D,M,M,D,M,M,M,D,D,T,T,T,T,T,D,N,N,N,N,N,D,D,D,M,M,M,M,M,D,T,T,D,T,T,T,D,N,N,N,N,N,D,D,D,M,M,M,M,M,D,T,D,T,T,T,T,D,N,N,N,N,N,D,D,M,M,M,D,M,M,D,T,T,T,D,T,T,D,N,N,N,N,N,D,D,M,M,M,D,M,M,D,T,T,T,T,T,D,D,N,N,N,N,N,D,D,M,M,M,M,M,D,D,T,T,T,T,D,T,D,N,N,N,N,N,D,D,M,D,M,M,M,M,D,T,T,T,D,T,T,D,N,N,N,N,N,D,D,M,M,D,M,M,M,D,T,T,T,T,T,D,D,N,N,N,N,N,D,D,M,M,M,D,M,M,D,T,D,T,T,T,T,D,N,N,N,N,N,D,D,M,D,M,M,M,M,D,T,T,D,T,T,T,D,N,N,N,N,N,D,D,M,M,M,M,M,D,D,T,T,D,T,T,T,D,N,N,N,N,N,D,D,M,M,M,D,M
Operadores,1,54,D,T,T,T,T,T,D,D,N,N,N,N,N,D,D,M,M,M,M,D,M,D,T,D,T,T,T,T,D,N,N,N,N,N,D,D,M,D,M,M,M,M,D,T,D,T,T,T,T,D,N,N,N,N,N,D,D,D,M,M,M,M,M,D,D,T,T,T,T,T,D,N,N,N,N,N,D,D,M,M,M,M,M,D,D,T,T,T,T,T,D,D,N,N,N,N,N,D,D,M,M,D,M,M,M,D,D,T,T,T,T,T,D,N,N,N,N,N,D,D,M,M,M,M,M,D,D,T,T,T,D,T,T,D,N,N,N,N,N,D,D,M,D,M,M,M,M,D,T,T,D,T,T,T,D,N,N,N,N,N,D,D,M,M,D,M,M,M,D,T,T,T,D,T,T,D,N,N,N,N,N,D,D,D,M,M,M,M,M,D,T,T,T,D,T,T,D,N,N,N,N,N,D,D,M,M,D,M,M,M,D,T,T,T,D,T,T,D,N,N,N,N,N,D,D,M,M,D,M,M,M,D,T,D,T,T,T,T,D,N,N,N,N,N,D,D,D,M,M,M,M,M,D,D,T,T,T,T,T,D,N,N,N,N,N,D,D,M,M,M,M,M
Operadores,1,42,D,T,T,T,T,D,T,D,N,N,N,N,N,D,D,M,M,M,D,M,M,D,T,T,D,T,T,T,D,N,N,N,N,N,D,D,M,D,M,M,M,M,D,T,T,T,T,T,D,D,N,N,N,N,N,D,D,M,M,M,M,M,D,D,T,T,D,T,T,T,D,N,N,N,N,N,D,D,M,M,M,D,M,M,D,T,T,T,D,T,T,D,N,N,N,N,N,D,D,M,D,M,M,M,M,D,T,T,D,T,T,T,D,N,N,N,N,N,D,D,M,M,M,D,M,M,D,T,T,D,T,T,T,D,N,N,N,N,N,D,D,M,M,M,D,M,M,D,T,T,T,T,T,D,D,N,N,N,N,N,D,D,M,M,M,D,M,M,D,T,D,T,T,T,T,D,N,N,N,N,N,D,D,M,M,M,M,D,M,D,T,T,T,T,T,D,D,N,N,N,N,N,D,D,M,M,D,M,M,M,D,D,T,T,T,T,T,D,N,N,N,N,N,D,D,M,M,M,M,D,M,D,T,T,T,T,D,T,D,N,N,N,N,N,D,D,M,M,D,M,M,M,D,T,T,T,T,T,D,D,N,N,N,N,N,D,D,M,M,M,M,M
Operadores,2,53,D,N,N,N,N,N,D,D,M,M,M,D,M,M,D,T,T,T,D,T,T,D,N,N,N,N,N,D,D,M,M,M,D,M,M,D,D,T,T,T,T,T,D,N,N,N,N,N,D,D,M,M,D,M,M,M,D,T,D,T,T,T,T,D,N,N,N,N,N,D,D,M,M,M,M,M,D,D,T,T,D,T,T,T,D,N,N,N,N,N,D,D,M,M,D,M,M,M,D,T,D,T,T,T,T,D,N,N,N,N,N,D,D,M,D,M,M,M,M,D,T,T,D,T,T,T,D,N,N,N,N,N,D,D,D,M,M,M,M,M,D,T,T,T,T,T,D,D,N,N,N,N,N,D,D,M,M,M,M,D,M,D,T,T,T,D,T,T,D,N,N,N,N,N,D,D,M,M,M,M,D,M,D,T,T,T,T,T,D,D,N,N,N,N,N,D,D,D,M,M,M,M,M,D,T,D,T,T,T,T,D,N,N,N,N,N,D,D,M,D,M,M,M,M,D,T,T,T,T,D,T,D,N,N,N,N,N,D,D,M,M,D,M,M,M,D,T,T,T,D,T,T,D,N,N,N,N,N,D,D,M,M,M,D,M,M,D,T,T,T,T,T
Operadores,2,24,D,N,N,N,N,N,D,D,M,M,D,M,M,M,D,T,T,T,T,D,T,D,N,N,N,N,N,D,D,D,M,M,M,M,M,D,T,D,T,T,T,T,D,N,N,N,N,N,D,D,M,M,M,M,D,M,D,D,T,T,T,T,T,D,N,N,N,N,N,D,D,D,M,M,M,M,M,D,D,T,T,T,T,T,D,N,N,N,N,N,D,D,M,M,M,D,M,M,D,D,T,T,T,T,T,D,N,N,N,N,N,D,D,D,M,M,M,M,M,D,T,T,T,T,T,D,D,N,N,N,N,N,D,D,M,D,M,M,M,M,D,T,T,D,T,T,T,D,N,N,N,N,N,D,D,M,M,M,D,M,M,D,T,T,T,T,D,T,D,N,N,N,N,N,D,D,M,D,M,M,M,M,D,T,T,T,T,D,T,D,N,N,N,N,N,D,D,M,M,M,D,M,M,D,T,T,T,T,T,D,D,N,N,N,N,N,D,D,M,M,D,M,M,M,D,T,T,T,T,T,D,D,N,N,N,N,N,D,D,M,M,M,M,D,M,D,T,T,T,T,T,D,D,N,N,N,N,N,D,D,M,M,D,M,M,M,D,T,T,T,T,T
Operadores,2,72,D,N,N,N,N,N,D,D,M,D,M,M,M,M,D,T,T,T,T,T,D,D,N,N,N,N,N,D,D,M,M,M,D,M,M,D,T,T,T,T,D,T,D,N,N,N,N,N,D,D,M,M,M,D,M,M,D,D,T,T,T,T,T,D,N,N,N,N,N,D,D,M,M,M,M,M,D,D,D,T,T,T,T,T,D,N,N,N,N,N,D,D,M,M,M,M,D,M,D,T,T,T,T,T,D,D,N,N,N,N,N,D,D,M,D,M,M,M,M,D,T,T,T,D,T,T,D,N,N,N,N,N,D,D,M,M,M,D,M,M,D,T,T,T,D,T,T,D,N,N,N,N,N,D,D,D,M,M,M,M,M,D,T,T,T,T,D,T,D,N,N,N,N,N,D,D,M,M,M,M,M,D,D,T,D,T,T,T,T,D,N,N,N,N,N,D,D,M,M,M,M,M,D,D,T,D,T,T,T,T,D,N,N,N,N,N,D,D,M,M,M,M,M,D,D,T,D,T,T,T,T,D,N,N,N,N,N,D,D,M,D,M,M,M,M,D,T,T,T,D,T,T,D,N,N,N,N,N,D,D,M,M,M,D,M,M,D,T,T,T,T,T
Operadores,2,78,D,N,N,N,N,N,D,D,M,D,M,M,M,M,D,T,T,D,T,T,T,D,N,N,N,N,N,D,D,M,M,M,M,M,D,D,T,T,D,T,T,T,D,N,N,N,N,N,D,D,M,M,M,M,D,M,D,T,T,T,T,T,D,D,N,N,N,N,N,D,D,M,M,M,M,D,M,D,T,T,T,T,T,D,D,N,N,N,N,N,D,D,M,D,M,M,M,M,D,D,T,T,T,T,T,D,N,N,N,N,N,D,D,M,M,M,M,M,D,D,T,T,T,D,T,T,D,N,N,N,N,N,D,D,M,M,D,M,M,M,D,T,T,T,T,T,D,D,N,N,N,N,N,D,D,M,M,M,M,M,D,D,T,D,T,T,T,T,D,N,N,N,N,N,D,D,M,M,D,M,M,M,D,T,T,T,D,T,T,D,N,N,N,N,N,D,D,M,M,M,M,D,M,D,T,T,T,T,D,T,D,N,N,N,N,N,D,D,D,M,M,M,M,M,D,D,T,T,T,T,T,D,N,N,N,N,N,D,D,M,M,M,M,M,D,D,D,T,T,T,T,T,D,N,N,N,N,N,D,D,M,M,M,M,D,M,D,T,T,T,D,T
Operadores,2,9,D,N,N,N,N,N,D,D,M,M,M,M,M,D,D,D,T,T,T,T,T,D,N,N,N,N,N,D,D,M,M,M,M,M,D,D,T,T,T,T,T,D,D,N,N,N,N,N,D,D,D,M,M,M,M,M,D,T,D,T,T,T,T,D,N,N,N,N,N,D,D,M,M,M,M,D,M,D,T,D,T,T,T,T,D,N,N,N,N,N,D,D,M,M,M,M,M,D,D,T,T,D,T,T,T,D,N,N,N,N,N,D,D,M,M,D,M,M,M,D,T,T,T,T,D,T,D,N,N,N,N,N,D,D,M,D,M,M,M,M,D,T,T,T,T,D,T,D,N,N,N,N,N,D,D,M,M,D,M,M,M,D,T,T,D,T,T,T,D,N,N,N,N,N,D,D,M,M,M,M,M,D,D,T,T,T,T,D,T,D,N,N,N,N,N,D,D,M,M,M,D,M,M,D,T,T,D,T,T,T,D,N,N,N,N,N,D,D,M,M,M,D,M,M,D,T,T,T,D,T,T,D,N,N,N,N,N,D,D,M,M,M,D,M,M,D,T,T,T,T,T,D,D,N,N,N,N,N,D,D,M,D,M,M,M,M,D,D,T,T,T,T
Operadores,2,97,D,N,N,N,N,N,D,D,D,M,M,M,M,M,D,T,D,T,T,T,T,D,N,N,N,N,N,D,D,D,M,M,M,M,M,D,T,T,T,T,D,T,D,N,N,N,N,N,D,D,M,D,M,M,M,M,D,T,T,T,D,T,T,D,N,N,N,N,N,D,D,M,D,M,M,M,M,D,T,T,D,T,T,T,D,N,N,N,N,N,D,D,M,M,M,D,M,M,D,T,D,T,T,T,T,D,N,N,N,N,N,D,D,M,M,M,D,M,M,D,D,T,T,T,T,T,D,N,N,N,N,N,D,D,M,M,D,M,M,M,D,T,D,T,T,T,T,D,N,N,N,N,N,D,D,M,M,M,M,D,M,D,T,T,T,T,T,D,D,N,N,N,N,N,D,D,D,M,M,M,M,M,D,T,T,D,T,T,T,D,N,N,N,N,N,D,D,M,M,M,M,M,D,D,T,T,T,T,T,D,D,N,N,N,N,N,D,D,M,M,M,D,M,M,D,T,T,D,T,T,T,D,N,N,N,N,N,D,D,M,D,M,M,M,M,D,T,T,D,T,T,T,D,N,N,N,N,N,D,D,D,M,M,M,M,M,D,T,T,D,T,T
Operadores,2,71,D,N,N,N,N,N,D,D,M,M,D,M,M,M,D,T,D,T,T,T,T,D,N,N,N,N,N,D,D,M,M,D,M,M,M,D,T,T,T,D,T,T,D,N,N,N,N,N,D,D,M,M,M,M,M,D,D,T,T,D,T,T,T,D,N,N,N,N,N,D,D,M,M,D,M,M,M,D,T,D,T,T,T,T,D,N,N,N,N,N,D,D,M,M,M,M,D,M,D,T,T,D,T,T,T,D,N,N,N,N,N,D,D,M,M,M,M,M,D,D,T,D,T,T,T,T,D,N,N,N,N,N,D,D,M,M,M,M,D,M,D,D,T,T,T,T,T,D,N,N,N,N,N,D,D,D,M,M,M,M,M,D,T,T,T,T,T,D,D,N,N,N,N,N,D,D,M,M,M,M,D,M,D,T,D,T,T,T,T,D,N,N,N,N,N,D,D,M,M,M,M,D,M,D,T,T,T,D,T,T,D,N,N,N,N,N,D,D,M,M,M,M,D,M,D,T,D,T,T,T,T,D,N,N,N,N,N,D,D,M,M,M,M,D,M,D,T,T,D,T,T,T,D,N,N,N,N,N,D,D,M,M,M,M,M,D,D,T,T,T,T,D
Operadores,2,18,D,N,N,N,N,N,D,D,D,M,M,M,M,M,D,T,T,T,T,D,T,D,N,N,N,N,N,D,D,M,M,M,M,D,M,D,T,T,T,T,T,D,D,N,N,N,N,N,D,D,M,M,M,D,M,M,D,T,T,T,T,D,T,D,N,N,N,N,N,D,D,M,M,M,D,M,M,D,T,T,T,T,D,T,D,N,N,N,N,N,D,D,M,M,M,M,M,D,D,T,T,T,T,D,T,D,N,N,N,N,N,D,D,M,M,M,D,M,M,D,T,T,T,T,D,T,D,N,N,N,N,N,D,D,D,M,M,M,M,M,D,T,D,T,T,T,T,D,N,N,N,N,N,D,D,M,M,D,M,M,M,D,T,D,T,T,T,T,D,N,N,N,N,N,D,D,M,D,M,M,M,M,D,D,T,T,T,T,T,D,N,N,N,N,N,D,D,M,M,D,M,M,M,D,D,T,T,T,T,T,D,N,N,N,N,N,D,D,M,M,D,M,M,M,D,T,T,T,T,D,T,D,N,N,N,N,N,D,D,M,M,M,M,M,D,D,T,D,T,T,T,T,D,N,N,N,N,N,D,D,D,M,M,M,M,M,D,T,D,T,T,T
Operadores,2,41,D,N,N,N,N,N,D,D,M,M,M,M,M,D,D,D,T,T,T,T,T,D,N,N,N,N,N,D,D,M,D,M,M,M,M,D,T,T,D,T,T,T,D,N,N,N,N,N,D,D,M,D,M,M,M,M,D,T,T,T,T,D,T,D,N,N,N,N,N,D,D,D,M,M,M,M,M,D,T,T,T,D,T,T,D,N,N,N,N,N,D,D,D,M,M,M,M,M,D,T,T,T,T,D,T,D,N,N,N,N,N,D,D,D,M,M,M,M,M,D,D,T,T,T,T,T,D,N,N,N,N,N,D,D,M,M,M,D,M,M,D,D,T,T,T,T,T,D,N,N,N,N,N,D,D,M,D,M,M,M,M,D,D,T,T,T,T,T,D,N,N,N,N,N,D,D,M,M,M,D,M,M,D,T,T,D,T,T,T,D,N,N,N,N,N,D,D,M,M,D,M,M,M,D,T,T,D,T,T,T,D,N,N,N,N,N,D,D,M,M,M,M,M,D,D,T,T,T,T,T,D,D,N,N,N,N,N,D,D,D,M,M,M,M,M,D,T,T,T,T,D,T,D,N,N,N,N,N,D,D,M,M,M,M,D,M,D,T,T,T,T,T
Operadores,2,76,D,N,N,N,N,N,D,D,M,M,M,D,M,M,D,T,T,T,T,T,D,D,N,N,N,N,N,D,D,M,M,D,M,M,M,D,D,T,T,T,T,T,D,N,N,N,N,N,D,D,M,M,M,M,M,D,D,T,T,T,T,T,D,D,N,N,N,N,N,D,D,M,M,D,M,M,M,D,T,T,T,T,D,T,D,N,N,N,N,N,D,D,D,M,M,M,M,M,D,T,T,T,D,T,T,D,N,N,N,N,N,D,D,M,M,M,M,D,M,D,T,D,T,T,T,T,D,N,N,N,N,N,D,D,M,M,M,M,M,D,D,T,T,D,T,T,T,D,N,N,N,N,N,D,D,M,M,M,D,M,M,D,D,T,T,T,T,T,D,N,N,N,N,N,D,D,M,M,D,M,M,M,D,T,T,T,T,T,D,D,N,N,N,N,N,D,D,M,D,M,M,M,M,D,T,T,T,T,D,T,D,N,N,N,N,N,D,D,M,D,M,M,M,M,D,D,T,T,T,T,T,D,N,N,N,N,N,D,D,M,M,M,D,M,M,D,T,T,T,T,D,T,D,N,N,N,N,N,D,D,M,D,M,M,M,M,D,T,T,T,T,T
Operadores,2,52,D,N,N,N,N,N,D,D,M,M,M,M,D,M,D,T,T,D,T,T,T,D,N,N,N,N,N,D,D,M,M,M,M,D,M,D,T,T,T,D,T,T,D,N,N,N,N,N,D,D,M,M,D,M,M,M,D,T,T,T,D,T,T,D,N,N,N,N,N,D,D,M,D,M,M,M,M,D,T,T,T,D,T,T,D,N,N,N,N,N,D,D,M,M,D,M,M,M,D,T,T,T,T,T,D,D,N,N,N,N,N,D,D,M,M,D,M,M,M,D,T,T,T,T,T,D,D,N,N,N,N,N,D,D,M,M,M,M,M,D,D,T,T,T,T,D,T,D,N,N,N,N,N,D,D,M,D,M,M,M,M,D,T,T,D,T,T,T,D,N,N,N,N,N,D,D,D,M,M,M,M,M,D,T,T,T,D,T,T,D,N,N,N,N,N,D,D,D,M,M,M,M,M,D,T,T,T,D,T,T,D,N,N,N,N,N,D,D,D,M,M,M,M,M,D,T,T,T,D,T,T,D,N,N,N,N,N,D,D,M,M,D,M,M,M,D,D,T,T,T,T,T,D,N,N,N,N,N,D,D,M,M,M,M,M,D,D,T,T,T,T,T
Auxiliar de Produção,0,23,D,M,M,M,M,D,M,D,T,D,T,T,T,T,D,N,N,N,N,N,D,D,M,M,M,M,D,M,D,T,T,D,T,T,T,D,N,N,N,N,N,D,D,D,M,M,M,M,M,D,T,T,T,T,T,D,D,N,N,N,N,N,D,D,M,M,M,D,M,M,D,T,T,T,T,T,D,D,N,N,N,N,N,D,D,M,M,M,D,M,M,D,D,T,T,T,T,T,D,N,N,N,N,N,D,D,M,M,M,M,D,M,D,T,T,T,T,T,D,D,N,N,N,N,N,D,D,M,M,M,D,M,M,D,T,D,T,T,T,T,D,N,N,N,N,N,D,D,M,M,M,D,M,M,D,T,T,T,T,D,T,D,N,N,N,N,N,D,D,M,M,M,M,D,M,D,T,T,D,T,T,T,D,N,N,N,N,N,D,D,M,M,M,M,D,M,D,D,T,T,T,T,T,D,N,N,N,N,N,D,D,M,M,D,M,M,M,D,T,T,T,T,D,T,D,N,N,N,N,N,D,D,M,D,M,M,M,M,D,T,D,T,T,T,T,D,N,N,N,N,N,D,D,M,M,M,M,D,M,D,T,T,D,T,T,T,D,N,N,N,N,N
Auxiliar de Produção,0,41,D,D,M,M,M,M,M,D,D,T,T,T,T,T,D,N,N,N,N,N,D,D,M,M,D,M,M,M,D,D,T,T,T,T,T,D,N,N,N,N,N,D,D,M,D,M,M,M,M,D,T,T,T,D,T,T,D,N,N,N,N,N,D,D,M,D,M,M,M,M,D,T,T,D,T,T,T,D,N,N,N,N,N,D,D,D,M,M,M,M,M,D,T,T,T,T,T,D,D,N,N,N,N,N,D,D,M,M,M,D,M,M,D,T,T,D,T,T,T,D,N,N,N,N,N,D,D,M,M,M,M,M,D,D,T,T,D,T,T,T,D,N,N,N,N,N,D,D,M,D,M,M,M,M,D,T,D,T,T,T,T,D,N,N,N,N,N,D,D,M,D,M,M,M,M,D,T,D,T,T,T,T,D,N,N,N,N,N,D,D,M,M,D,M,M,M,D,T,T,T,T,D,T,D,N,N,N,N,N,D,D,M,D,M,M,M,M,D,D,T,T,T,T,T,D,N,N,N,N,N,D,D,M,M,M,M,D,M,D,T,T,T,D,T,T,D,N,N,N,N,N,D,D,M,M,M,D,M,M,D,D,T,T,T,T,T,D,N,N,N,N,N
Auxiliar de Produção,0,57,D,M,M,M,D,M,M,D,T,T,T,T,D,T,D,N,N,N,N,N,D,D,M,M,M,D,M,M,D,T,T,T,T,T,D,D,N,N,N,N,N,D,D,M,M,D,M,M,M,D,T,T,D,T,T,T,D,N,N,N,N,N,D,D,D,M,M,M,M,M,D,D,T,T,T,T,T,D,N,N,N,N,N,D,D,M,M,M,M,D,M,D,T,T,T,D,T,T,D,N,N,N,N,N,D,D,M,M,D,M,M,M,D,T,D,T,T,T,T,D,N,N,N,N,N,D,D,D,M,M,M,M,M,D,T,T,T,T,T,D,D,N,N,N,N,N,D,D,M,M,M,M,D,M,D,T,T,T,D,T,T,D,N,N,N,N,N,D,D,M,M,M,D,M,M,D,D,T,T,T,T,T,D,N,N,N,N,N,D,D,D,M,M,M,M,M,D,T,T,T,T,T,D,D,N,N,N,N,N,D,D,M,M,M,M,D,M,D,T,D,T,T,T,T,D,N,N,N,N,N,D,D,M,M,M,M,M,D,D,T,T,T,T,D,T,D,N,N,N,N,N,D,D,D,M,M,M,M,M,D,T,D,T,T,T,T,D,N,N,N,N,N
Auxiliar de Produção,0,95,D,M,M,M,M,M,D,D,T,T,T,T,T,D,D,N,N,N,N,N,D,D,M,M,M,M,M,D,D,T,T,T,T,D,T,D,N,N,N,N,N,D,D,M,M,M,M,M,D,D,T,T,T,T,D,T,D,N,N,N,N,N,D,D,M,M,M,M,D,M,D,T,T,T,T,D,T,D,N,N,N,N,N,D,D,M,M,M,M,M,D,D,T,T,D,T,T,T,D,N,N,N,N,N,D,D,M,D,M,M,M,M,D,T,T,T,D,T,T,D,N,N,N,N,N,D,D,M,M,D,M,M,M,D,T,T,T,T,D,T,D,N,N,N,N,N,D,D,M,M,D,M,M,M,D,T,T,D,T,T,T,D,N,N,N,N,N,D,D,D,M,M,M,M,M,D,T,T,T,T,T,D,D,N,N,N,N,N,D,D,M,M,M,D,M,M,D,T,T,D,T,T,T,D,N,N,N,N,N,D,D,M,M,M,D,M,M,D,T,T,T,T,T,D,D,N,N,N,N,N,D,D,D,M,M,M,M,M,D,T,T,T,T,T,D,D,N,N,N,N,N,D,D,M,M,D,M,M,M,D,T,T,T,T,D,T,D,N,N,N,N,N
Auxiliar de Produção,0,20,D,M,M,D,M,M,M,D,T,T,D,T,T,T,D,N,N,N,N,N,D,D,M,D,M,M,M,M,D,T,T,T,D,T,T,D,N,N,N,N,N,D,D,M,M,M,M,D,M,D,T,D,T,T,T,T,D,N,N,N,N,N,D,D,M,M,D,M,M,M,D,T,T,T,D,T,T,D,N,N,N,N,N,D,D,M,M,D,M,M,M,D,T,T,T,T,D,T,D,N,N,N,N,N,D,D,D,M,M,M,M,M,D,D,T,T,T,T,T,D,N,N,N,N,N,D,D,M,M,M,M,D,M,D,D,T,T,T,T,T,D,N,N,N,N,N,D,D,M,M,M,M,M,D,D,D,T,T,T,T,T,D,N,N,N,N,N,D,D,M,M,M,M,M,D,D,T,T,T,D,T,T,D,N,N,N,N,N,D,D,M,D,M,M,M,M,D,T,D,T,T,T,T,D,N,N,N,N,N,D,D,D,M,M,M,M,M,D,T,T,T,D,T,T,D,N,N,N,N,N,D,D,M,M,M,D,M,M,D,D,T,T,T,T,T,D,N,N,N,N,N,D,D,M,M,M,M,M,D,D,T,T,T,D,T,T,D,N,N,N,N,N
Auxiliar de Produção,0,79,D,M,D,M,M,M,M,D,T,T,T,D,T,T,D,N,N,N,N,N,D,D,D,M,M,M,M,M,D,T,D,T,T,T,T,D,N,N,N,N,N,D,D,M,M,M,D,M,M,D,D,T,T,T,T,T,D,N,N,N,N,N,D,D,M,M,M,M,M,D,D,T,D,T,T,T,T,D,N,N,N,N,N,D,D,M,D,M,M,M,M,D,T,D,T,T,T,T,D,N,N,N,N,N,D,D,M,M,M,M,M,D,D,T,T,T,T,D,T,D,N,N,N,N,N,D,D,M,D,M,M,M,M,D,T,T,T,D,T,T,D,N,N,N,N,N,D,D,D,M,M,M,M,M,D,T,T,T,T,T,D,D,N,N,N,N,N,D,D,M,M,D,M,M,M,D,T,T,T,T,D,T,D,N,N,N,N,N,D,D,M,M,M,M,M,D,D,T,T,T,D,T,T,D,N,N,N,N,N,D,D,M,M,M,M,M,D,D,T,T,D,T,T,T,D,N,N,N,N,N,D,D,M,M,D,M,M,M,D,T,T,D,T,T,T,D,N,N,N,N,N,D,D,M,D,M,M,M,M,D,T,T,T,T,T,D,D,N,N,N,N,N
Auxiliar de Produção,1,50,D,T,T,T,D,T,T,D,N,N,N,N,N,D,D,M,M,D,M,M,M,D,D,T,T,T,T,T,D,N,N,N,N,N,D,D,M,D,M,M,M,M,D,T,T,T,D,T,T,D,N,N,N,N,N,D,D,M,M,M,D,M,M,D,T,T,T,T,T,D,D,N,N,N,N,N,D,D,D,M,M,M,M,M,D,T,T,T,T,D,T,D,N,N,N,N,N,D,D,M,M,M,M,D,M,D,T,T,T,T,T,D,D,N,N,N,N,N,D,D,M,M,D,M,M,M,D,T,T,T,T,T,D,D,N,N,N,N,N,D,D,M,M,M,D,M,M,D,T,T,T,D,T,T,D,N,N,N,N,N,D,D,M,M,M,D,M,M,D,T,T,T,T,T,D,D,N,N,N,N,N,D,D,M,M,M,M,M,D,D,T,T,T,T,T,D,D,N,N,N,N,N,D,D,M,M,M,M,D,M,D,T,D,T,T,T,T,D,N,N,N,N,N,D,D,D,M,M,M,M,M,D,T,D,T,T,T,T,D,N,N,N,N,N,D,D,M,M,M,D,M,M,D,T,T,D,T,T,T,D,N,N,N,N,N,D,D,M,M,M,M,M
Auxiliar de Produção,1,53,D,T,T,T,T,D,T,D,N,N,N,N,N,D,D,M,D,M,M,M,M,D,T,T,T,T,D,T,D,N,N,N,N,N,D,D,D,M,M,M,M,M,D,T,T,T,T,D,T,D,N,N,N,N,N,D,D,M,D,M,M,M,M,D,T,T,D,T,T,T,D,N,N,N,N,N,D,D,M,M,M,M,D,M,D,T,T,D,T,T,T,D,N,N,N,N,N,D,D,M,M,M,M,M,D,D,T,T,T,D,T,T,D,N,N,N,N,N,D,D,M,M,M,M,D,M,D,T,T,T,D,T,T,D,N,N,N,N,N,D,D,M,M,M,M,M,D,D,T,T,T,T,D,T,D,N,N,N,N,N,D,D,M,M,D,M,M,M,D,T,T,T,D,T,T,D,N,N,N,N,N,D,D,M,M,M,M,D,M,D,T,D,T,T,T,T,D,N,N,N,N,N,D,D,D,M,M,M,M,M,D,T,T,T,T,D,T,D,N,N,N,N,N,D,D,M,D,M,M,M,M,D,T,T,T,D,T,T,D,N,N,N,N,N,D,D,M,M,D,M,M,M,D,T,D,T,T,T,T,D,N,N,N,N,N,D,D,M,M,M,M,D
Auxiliar de Produção,1,7,D,T,T,D,T,T,T,D,N,N,N,N,N,D,D,M,M,M,M,D,M,D,T,T,D,T,T,T,D,N,N,N,N,N,D,D,M,M,M,M,D,M,D,D,T,T,T,T,T,D,N,N,N,N,N,D,D,M,M,D,M,M,M,D,T,T,T,D,T,T,D,N,N,N,N,N,D,D,M,M,M,M,M,D,D,T,T,T,D,T,T,D,N,N,N,N,N,D,D,M,M,D,M,M,M,D,T,T,D,T,T,T,D,N,N,N,N,N,D,D,M,D,M,M,M,M,D,T,T,D,T,T,T,D,N,N,N,N,N,D,D,D,M,M,M,M,M,D,T,D,T,T,T,T,D,N,N,N,N,N,D,D,M,D,M,M,M,M,D,T,T,D,T,T,T,D,N,N,N,N,N,D,D,M,M,D,M,M,M,D,T,T,T,D,T,T,D,N,N,N,N,N,D,D,M,M,M,D,M,M,D,T,T,T,D,T,T,D,N,N,N,N,N,D,D,M,M,M,D,M,M,D,T,T,T,T,D,T,D,N,N,N,N,N,D,D,M,M,M,M,M,D,D,T,T,T,T,T,D,D,N,N,N,N,N,D,D,M,D,M,M,M
Auxiliar de Produção,1,73,D,T,D,T,T,T,T,D,N,N,N,N,N,D,D,M,M,M,D,M,M,D,T,T,T,D,T,T,D,N,N,N,N,N,D,D,M,M,D,M,M,M,D,T,T,T,T,T,D,D,N,N,N,N,N,D,D,D,M,M,M,M,M,D,T,D,T,T,T,T,D,N,N,N,N,N,D,D,M,M,M,D,M,M,D,D,T,T,T,T,T,D,N,N,N,N,N,D,D,M,M,M,D,M,M,D,D,T,T,T,T,T,D,N,N,N,N,N,D,D,D,M,M,M,M,M,D,T,T,T,T,D,T,D,N,N,N,N,N,D,D,M,D,M,M,M,M,D,T,T,T,T,T,D,D,N,N,N,N,N,D,D,D,M,M,M,M,M,D,T,T,T,T,D,T,D,N,N,N,N,N,D,D,M,M,M,D,M,M,D,D,T,T,T,T,T,D,N,N,N,N,N,D,D,M,D,M,M,M,M,D,T,T,D,T,T,T,D,N,N,N,N,N,D,D,M,M,M,M,D,M,D,T,T,D,T,T,T,D,N,N,N,N,N,D,D,M,D,M,M,M,M,D,D,T,T,T,T,T,D,N,N,N,N,N,D,D,D,M,M,M,M
Auxiliar de Produção,1,25,D,D,T,T,T,T,T,D,N,N,N,N,N,D,D,D,M,M,M,M,M,D,T,T,T,T,T,D,D,N,N,N,N,N,D,D,M,M,M,M,M,D,D,T,T,D,T,T,T,D,N,N,N,N,N,D,D,M,M,M,M,M,D,D,D,T,T,T,T,T,D,N,N,N,N,N,D,D,M,D,M,M,M,M,D,T,T,T,T,T,D,D,N,N,N,N,N,D,D,D,M,M,M,M,M,D,T,T,T,T,D,T,D,N,N,N,N,N,D,D,M,M,M,M,M,D,D,T,D,T,T,T,T,D,N,N,N,N,N,D,D,M,M,M,M,D,M,D,D,T,T,T,T,T,D,N,N,N,N,N,D,D,M,M,M,M,M,D,D,T,D,T,T,T,T,D,N,N,N,N,N,D,D,D,M,M,M,M,M,D,T,T,D,T,T,T,D,N,N,N,N,N,D,D,M,M,D,M,M,M,D,D,T,T,T,T,T,D,N,N,N,N,N,D,D,M,M,D,M,M,M,D,D,T,T,T,T,T,D,N,N,N,N,N,D,D,M,M,M,M,D,M,D,T,T,T,D,T,T,D,N,N,N,N,N,D,D,M,M,M,D,M
Auxiliar de Produção,1,27,D,T,T,T,T,T,D,D,N,N,N,N,N,D,D,M,M,M,M,M,D,D,T,D,T,T,T,T,D,N,N,N,N,N,D,D,M,M,M,D,M,M,D,T,D,T,T,T,T,D,N,N,N,N,N,D,D,M,M,M,M,D,M,D,T,T,T,T,D,T,D,N,N,N,N,N,D,D,M,M,D,M,M,M,D,T,D,T,T,T,T,D,N,N,N,N,N,D,D,M,D,M,M,M,M,D,T,D,T,T,T,T,D,N,N,N,N,N,D,D,M,M,M,D,M,M,D,D,T,T,T,T,T,D,N,N,N,N,N,D,D,M,M,D,M,M,M,D,T,T,D,T,T,T,D,N,N,N,N,N,D,D,M,M,M,M,D,M,D,D,T,T,T,T,T,D,N,N,N,N,N,D,D,M,D,M,M,M,M,D,T,T,T,T,D,T,D,N,N,N,N,N,D,D,M,M,M,M,M,D,D,T,T,T,T,T,D,D,N,N,N,N,N,D,D,M,M,M,M,M,D,D,T,T,T,T,T,D,D,N,N,N,N,N,D,D,D,M,M,M,M,M,D,T,T,T,T,D,T,D,N,N,N,N,N,D,D,M,M,D,M,M
Auxiliar de Produção,2,84,D,N,N,N,N,N,D,D,M,M,M,M,M,D,D,T,T,T,T,D,T,D,N,N,N,N,N,D,D,D,M,M,M,M,M,D,T,T,T,T,T,D,D,N,N,N,N,N,D,D,D,M,M,M,M,M,D,T,T,D,T,T,T,D,N,N,N,N,N,D,D,M,M,M,D,M,M,D,D,T,T,T,T,T,D,N,N,N,N,N,D,D,M,M,M,M,M,D,D,T,T,T,T,D,T,D,N,N,N,N,N,D,D,M,M,M,M,M,D,D,T,D,T,T,T,T,D,N,N,N,N,N,D,D,D,M,M,M,M,M,D,T,T,D,T,T,T,D,N,N,N,N,N,D,D,M,M,M,D,M,M,D,T,T,T,T,D,T,D,N,N,N,N,N,D,D,M,M,M,D,M,M,D,T,T,T,T,T,D,D,N,N,N,N,N,D,D,M,M,M,M,M,D,D,T,T,T,D,T,T,D,N,N,N,N,N,D,D,M,M,D,M,M,M,D,D,T,T,T,T,T,D,N,N,N,N,N,D,D,M,M,D,M,M,M,D,T,T,T,T,T,D,D,N,N,N,N,N,D,D,M,D,M,M,M,M,D,T,T,T,D,T
Auxiliar de Produção,2,38,D,N,N,N,N,N,D,D,M,M,M,D,M,M,D,D,T,T,T,T,T,D,N,N,N,N,N,D,D,M,M,D,M,M,M,D,T,D,T,T,T,T,D,N,N,N,N,N,D,D,M,M,M,M,M,D,D,T,D,T,T,T,T,D,N,N,N,N,N,D,D,M,M,D,M,M,M,D,T,T,T,T,D,T,D,N,N,N,N,N,D,D,M,M,M,D,M,M,D,T,T,T,D,T,T,D,N,N,N,N,N,D,D,M,M,M,D,M,M,D,T,T,T,T,D,T,D,N,N,N,N,N,D,D,M,M,D,M,M,M,D,T,D,T,T,T,T,D,N,N,N,N,N,D,D,M,D,M,M,M,M,D,T,T,D,T,T,T,D,N,N,N,N,N,D,D,M,M,M,M,D,M,D,T,T,D,T,T,T,D,N,N,N,N,N,D,D,M,M,M,D,M,M,D,T,T,D,T,T,T,D,N,N,N,N,N,D,D,M,M,M,M,M,D,D,T,T,T,D,T,T,D,N,N,N,N,N,D,D,M,D,M,M,M,M,D,T,D,T,T,T,T,D,N,N,N,N,N,D,D,M,M,M,M,D,M,D,T,D,T,T,T
Auxiliar de Produção,2,79,D,N,N,N,N,N,D,D,M,M,M,M,D,M,D,T,D,T,T,T,T,D,N,N,N,N,N,D,D,M,M,M,M,D,M,D,T,T,T,D,T,T,D,N,N,N,N,N,D,D,M,M,M,D,M,M,D,D,T,T,T,T,T,D,N,N,N,N,N,D,D,M,D,M,M,M,M,D,T,T,T,D,T,T,D,N,N,N,N,N,D,D,M,M,M,M,D,M,D,T,T,T,T,T,D,D,N,N,N,N,N,D,D,D,M,M,M,M,M,D,T,T,T,T,T,D,D,N,N,N,N,N,D,D,M,M,M,M,M,D,D,T,T,T,T,D,T,D,N,N,N,N,N,D,D,M,M,M,M,D,M,D,D,T,T,T,T,T,D,N,N,N,N,N,D,D,M,M,M,M,M,D,D,T,D,T,T,T,T,D,N,N,N,N,N,D,D,M,D,M,M,M,M,D,T,T,T,T,D,T,D,N,N,N,N,N,D,D,M,M,M,M,D,M,D,T,T,T,T,T,D,D,N,N,N,N,N,D,D,M,M,M,M,D,M,D,T,T,T,D,T,T,D,N,N,N,N,N,D,D,M,M,D,M,M,M,D,T,T,T,T,T
Auxiliar de Produção,2,56,D,N,N,N,N,N,D,D,M,M,D,M,M,M,D,T,T,T,T,T,D,D,N,N,N,N,N,D,D,M,M,M,D,M,M,D,D,T,T,T,T,T,D,N,N,N,N,N,D,D,M,M,M,M,D,M,D,T,T,T,T,T,D,D,N,N,N,N,N,D,D,D,M,M,M,M,M,D,T,D,T,T,T,T,D,N,N,N,N,N,D,D,M,D,M,M,M,M,D,D,T,T,T,T,T,D,N,N,N,N,N,D,D,M,M,M,M,D,M,D,T,T,T,D,T,T,D,N,N,N,N,N,D,D,M,M,M,D,M,M,D,T,T,T,D,T,T,D,N,N,N,N,N,D,D,M,M,D,M,M,M,D,T,T,T,T,T,D,D,N,N,N,N,N,D,D,M,D,M,M,M,M,D,T,T,T,D,T,T,D,N,N,N,N,N,D,D,M,M,D,M,M,M,D,T,T,T,T,T,D,D,N,N,N,N,N,D,D,D,M,M,M,M,M,D,T,T,D,T,T,T,D,N,N,N,N,N,D,D,D,M,M,M,M,M,D,T,T,D,T,T,T,D,N,N,N,N,N,D,D,M,M,M,D,M,M,D,D,T,T,T,T
Auxiliar de Produção,2,40,D,N,N,N,N,N,D,D,D,M,M,M,M,M,D,T,T,T,D,T,T,D,N,N,N,N,N,D,D,M,D,M,M,M,M,D,T,T,T,T,D,T,D,N,N,N,N,N,D,D,M,D,M,M,M,M,D,T,T,T,T,D,T,D,N,N,N,N,N,D,D,M,M,M,M,M,D,D,T,T,D,T,T,T,D,N,N,N,N,N,D,D,M,M,D,M,M,M,D,T,D,T,T,T,T,D,N,N,N,N,N,D,D,M,M,D,M,M,M,D,D,T,T,T,T,T,D,N,N,N,N,N,D,D,M,M,M,M,D,M,D,T,T,T,T,T,D,D,N,N,N,N,N,D,D,D,M,M,M,M,M,D,T,D,T,T,T,T,D,N,N,N,N,N,D,D,D,M,M,M,M,M,D,T,T,T,T,D,T,D,N,N,N,N,N,D,D,M,M,M,M,D,M,D,D,T,T,T,T,T,D,N,N,N,N,N,D,D,M,M,M,D,M,M,D,T,D,T,T,T,T,D,N,N,N,N,N,D,D,M,M,M,D,M,M,D,T,T,T,T,D,T,D,N,N,N,N,N,D,D,M,M,M,M,M,D,D,T,T,D,T,T
Auxiliar de Produção,2,35,D,N,N,N,N,N,D,D,M,D,M,M,M,M,D,T,T,D,T,T,T,D,N,N,N,N,N,D,D,M,M,M,M,M,D,D,T,T,D,T,T,T,D,N,N,N,N,N,D,D,M,M,D,M,M,M,D,T,T,T,D,T,T,D,N,N,N,N,N,D,D,M,M,M,M,D,M,D,T,T,T,T,T,D,D,N,N,N,N,N,D,D,D,M,M,M,M,M,D,T,T,D,T,T,T,D,N,N,N,N,N,D,D,M,D,M,M,M,M,D,T,T,D,T,T,T,D,N,N,N,N,N,D,D,M,D,M,M,M,M,D,D,T,T,T,T,T,D,N,N,N,N,N,D,D,M,M,M,M,M,D,D,T,T,T,D,T,T,D,N,N,N,N,N,D,D,M,M,D,M,M,M,D,D,T,T,T,T,T,D,N,N,N,N,N,D,D,D,M,M,M,M,M,D,T,D,T,T,T,T,D,N,N,N,N,N,D,D,M,D,M,M,M,M,D,T,T,T,T,D,T,D,N,N,N,N,N,D,D,M,M,M,M,M,D,D,D,T,T,T,T,T,D,N,N,N,N,N,D,D,D,M,M,M,M,M,D,T,T,T,T,D
Engenheiros,0,59,D,M,D,M,M,M,M,D,D,T,T,T,T,T,D,N,N,N,N,N,D,D,D,M,M,M,M,M,D,T,D,T,T,T,T,D,N,N,N,N,N,D,D,M,M,M,D,M,M,D,D,T,T,T,T,T,D,N,N,N,N,N,D,D,M,M,M,D,M,M,D,T,D,T,T,T,T,D,N,N,N,N,N,D,D,M,D,M,M,M,M,D,D,T,T,T,T,T,D,N,N,N,N,N,D,D,M,D,M,M,M,M,D,D,T,T,T,T,T,D,N,N,N,N,N,D,D,D,M,M,M,M,M,D,T,T,T,T,D,T,D,N,N,N,N,N,D,D,M,M,M,M,D,M,D,T,T,D,T,T,T,D,N,N,N,N,N,D,D,D,M,M,M,M,M,D,T,T,D,T,T,T,D,N,N,N,N,N,D,D,M,D,M,M,M,M,D,T,T,T,T,D,T,D,N,N,N,N,N,D,D,M,D,M,M,M,M,D,T,D,T,T,T,T,D,N,N,N,N,N,D,D,M,M,M,D,M,M,D,T,T,D,T,T,T,D,N,N,N,N,N,D,D,M,M,M,D,M,M,D,T,T,T,D,T,T,D,N,N,N,N,N
Engenheiros,0,69,D,M,M,M,D,M,M,D,T,D,T,T,T,T,D,N,N,N,N,N,D,D,M,M,M,D,M,M,D,T,T,T,D,T,T,D,N,N,N,N,N,D,D,D,M,M,M,M,M,D,T,T,T,T,D,T,D,N,N,N,N,N,D,D,D,M,M,M,M,M,D,T,T,T,T,D,T,D,N,N,N,N,N,D,D,M,M,D,M,M,M,D,T,T,T,T,D,T,D,N,N,N,N,N,D,D,M,M,M,M,D,M,D,T,T,T,T,D,T,D,N,N,N,N,N,D,D,M,M,M,D,M,M,D,T,T,D,T,T,T,D,N,N,N,N,N,D,D,M,M,M,D,M,M,D,D,T,T,T,T,T,D,N,N,N,N,N,D,D,M,M,M,M,D,M,D,T,T,T,D,T,T,D,N,N,N,N,N,D,D,M,M,D,M,M,M,D,T,D,T,T,T,T,D,N,N,N,N,N,D,D,M,M,D,M,M,M,D,T,T,T,D,T,T,D,N,N,N,N,N,D,D,M,M,D,M,M,M,D,T,T,T,T,D,T,D,N,N,N,N,N,D,D,M,M,M,M,D,M,D,T,T,T,T,D,T,D,N,N,N,N,N
Engenheiros,0,43,D,M,M,M,M,D,M,D,T,T,T,D,T,T,D,N,N,N,N,N,D,D,M,M,M,M,D,M,D,T,T,T,T,D,T,D,N,N,N,N,N,D,D,M,M,M,M,D,M,D,T,T,D,T,T,T,D,N,N,N,N,N,D,D,M,M,M,M,D,M,D,T,T,D,T,T,T,D,N,N,N,N,N,D,D,M,M,M,D,M,M,D,T,T,T,D,T,T,D,N,N,N,N,N,D,D,D,M,M,M,M,M,D,T,T,D,T,T,T,D,N,N,N,N,N,D,D,M,M,D,M,M,M,D,T,T,T,D,T,T,D,N,N,N,N,N,D,D,M,M,D,M,M,M,D,T,T,T,D,T,T,D,N,N,N,N,N,D,D,M,M,M,D,M,M,D,D,T,T,T,T,T,D,N,N,N,N,N,D,D,D,M,M,M,M,M,D,T,T,T,D,T,T,D,N,N,N,N,N,D,D,D,M,M,M,M,M,D,D,T,T,T,T,T,D,N,N,N,N,N,D,D,M,M,M,M,D,M,D,T,T,T,D,T,T,D,N,N,N,N,N,D,D,M,D,M,M,M,M,D,T,D,T,T,T,T,D,N,N,N,N,N
Engenheiros,0,73,D,M,M,D,M,M,M,D,T,T,T,T,D,T,D,N,N,N,N,N,D,D,M,D,M,M,M,M,D,D,T,T,T,T,T,D,N,N,N,N,N,D,D,M,M,D,M,M,M,D,T,T,T,D,T,T,D,N,N,N,N,N,D,D,M,D,M,M,M,M,D,D,T,T,T,T,T,D,N,N,N,N,N,D,D,D,M,M,M,M,M,D,T,T,D,T,T,T,D,N,N,N,N,N,D,D,M,M,M,D,M,M,D,T,T,T,D,T,T,D,N,N,N,N,N,D,D,M,M,M,M,D,M,D,T,D,T,T,T,T,D,N,N,N,N,N,D,D,D,M,M,M,M,M,D,T,T,T,T,D,T,D,N,N,N,N,N,D,D,M,M,D,M,M,M,D,T,T,T,T,D,T,D,N,N,N,N,N,D,D,M,M,M,M,D,M,D,T,T,D,T,T,T,D,N,N,N,N,N,D,D,M,M,M,D,M,M,D,T,T,T,T,D,T,D,N,N,N,N,N,D,D,D,M,M,M,M,M,D,D,T,T,T,T,T,D,N,N,N,N,N,D,D,M,M,D,M,M,M,D,T,T,D,T,T,T,D,N,N,N,N,N
Engenheiros,0,77,D,D,M,M,M,M,M,D,T,T,D,T,T,T,D,N,N,N,N,N,D,D,M,M,D,M,M,M,D,T,T,D,T,T,T,D,N,N,N,N,N,D,D,M,D,M,M,M,M,D,T,D,T,T,T,T,D,N,N,N,N,N,D,D,M,M,D,M,M,M,D,T,T,T,D,T,T,D,N,N,N,N,N,D,D,M,M,M,M,D,M,D,T,D,T,T,T,T,D,N,N,N,N,N,D,D,M,M,D,M,M,M,D,T,D,T,T,T,T,D,N,N,N,N,N,D,D,M,D,M,M,M,M,D,D,T,T,T,T,T,D,N,N,N,N,N,D,D,M,D,M,M,M,M,D,T,D,T,T,T,T,D,N,N,N,N,N,D,D,M,D,M,M,M,M,D,T,D,T,T,T,T,D,N,N,N,N,N,D,D,M,M,M,D,M,M,D,D,T,T,T,T,T,D,N,N,N,N,N,D,D,M,M,M,M,D,M,D,T,T,D,T,T,T,D,N,N,N,N,N,D,D,M,D,M,M,M,M,D,T,D,T,T,T,T,D,N,N,N,N,N,D,D,D,M,M,M,M,M,D,D,T,T,T,T,T,D,N,N,N,N,N
Engenheiros,1,53,D,T,T,T,T,D,T,D,N,N,N,N,N,D,D,M,M,M,M,D,M,D,T,T,T,D,T,T,D,N,N,N,N,N,D,D,D,M,M,M,M,M,D,T,D,T,T,T,T,D,N,N,N,N,N,D,D,M,M,M,D,M,M,D,T,T,T,T,D,T,D,N,N,N,N,N,D,D,D,M,M,M,M,M,D,T,D,T,T,T,T,D,N,N,N,N,N,D,D,M,D,M,M,M,M,D,D,T,T,T,T,T,D,N,N,N,N,N,D,D,M,D,M,M,M,M,D,T,D,T,T,T,T,D,N,N,N,N,N,D,D,M,M,M,M,D,M,D,T,T,T,T,D,T,D,N,N,N,N,N,D,D,M,M,M,D,M,M,D,T,T,T,T,D,T,D,N,N,N,N,N,D,D,D,M,M,M,M,M,D,T,D,T,T,T,T,D,N,N,N,N,N,D,D,M,D,M,M,M,M,D,T,D,T,T,T,T,D,N,N,N,N,N,D,D,M,M,M,D,M,M,D,T,T,T,T,D,T,D,N,N,N,N,N,D,D,M,D,M,M,M,M,D,D,T,T,T,T,T,D,N,N,N,N,N,D,D,M,M,M,D,M
Engenheiros,1,65,D,D,T,T,T,T,T,D,N,N,N,N,N,D,D,M,M,D,M,M,M,D,D,T,T,T,T,T,D,N,N,N,N,N,D,D,M,M,D,M,M,M,D,T,T,T,D,T,T,D,N,N,N,N,N,D,D,M,M,M,M,D,M,D,T,T,T,D,T,T,D,N,N,N,N,N,D,D,M,M,D,M,M,M,D,T,T,D,T,T,T,D,N,N,N,N,N,D,D,M,M,M,D,M,M,D,T,T,T,T,D,T,D,N,N,N,N,N,D,D,M,M,M,D,M,M,D,T,T,T,T,D,T,D,N,N,N,N,N,D,D,M,M,M,D,M,M,D,T,D,T,T,T,T,D,N,N,N,N,N,D,D,M,D,M,M,M,M,D,T,T,T,D,T,T,D,N,N,N,N,N,D,D,M,D,M,M,M,M,D,T,T,T,D,T,T,D,N,N,N,N,N,D,D,M,M,D,M,M,M,D,T,T,T,T,D,T,D,N,N,N,N,N,D,D,M,M,D,M,M,M,D,T,T,D,T,T,T,D,N,N,N,N,N,D,D,M,M,M,M,D,M,D,T,T,T,T,D,T,D,N,N,N,N,N,D,D,M,M,M,M,D
Engenheiros,1,84,D,T,T,D,T,T,T,D,N,N,N,N,N,D,D,D,M,M,M,M,M,D,T,T,T,T,D,T,D,N,N,N,N,N,D,D,M,M,M,D,M,M,D,T,T,T,T,D,T,D,N,N,N,N,N,D,D,M,D,M,M,M,M,D,D,T,T,T,T,T,D,N,N,N,N,N,D,D,M,M,M,M,D,M,D,D,T,T,T,T,T,D,N,N,N,N,N,D,D,M,M,D,M,M,M,D,T,T,D,T,T,T,D,N,N,N,N,N,D,D,M,M,M,M,D,M,D,T,T,T,D,T,T,D,N,N,N,N,N,D,D,M,D,M,M,M,M,D,D,T,T,T,T,T,D,N,N,N,N,N,D,D,D,M,M,M,M,M,D,T,D,T,T,T,T,D,N,N,N,N,N,D,D,M,M,M,M,D,M,D,T,T,T,T,D,T,D,N,N,N,N,N,D,D,M,M,M,D,M,M,D,T,T,T,D,T,T,D,N,N,N,N,N,D,D,M,M,M,M,D,M,D,D,T,T,T,T,T,D,N,N,N,N,N,D,D,M,M,D,M,M,M,D,T,T,T,D,T,T,D,N,N,N,N,N,D,D,M,D,M,M,M
Engenheiros,1,48,D,T,D,T,T,T,T,D,N,N,N,N,N,D,D,M,D,M,M,M,M,D,T,T,D,T,T,T,D,N,N,N,N,N,D,D,M,D,M,M,M,M,D,D,T,T,T,T,T,D,N,N,N,N,N,D,D,M,M,D,M,M,M,D,T,D,T,T,T,T,D,N,N,N,N,N,D,D,M,M,M,D,M,M,D,T,T,T,T,D,T,D,N,N,N,N,N,D,D,D,M,M,M,M,M,D,T,D,T,T,T,T,D,N,N,N,N,N,D,D,M,M,D,M,M,M,D,D,T,T,T,T,T,D,N,N,N,N,N,D,D,D,M,M,M,M,M,D,T,T,D,T,T,T,D,N,N,N,N,N,D,D,M,M,D,M,M,M,D,T,T,D,T,T,T,D,N,N,N,N,N,D,D,M,M,M,D,M,M,D,D,T,T,T,T,T,D,N,N,N,N,N,D,D,D,M,M,M,M,M,D,D,T,T,T,T,T,D,N,N,N,N,N,D,D,M,D,M,M,M,M,D,T,T,T,D,T,T,D,N,N,N,N,N,D,D,D,M,M,M,M,M,D,T,D,T,T,T,T,D,N,N,N,N,N,D,D,D,M,M,M,M
Engenheiros,1,13,D,T,T,T,D,T,T,D,N,N,N,N,N,D,D,M,M,M,D,M,M,D,T,D,T,T,T,T,D,N,N,N,N,N,D,D,M,M,M,M,D,M,D,T,T,D,T,T,T,D,N,N,N,N,N,D,D,D,M,M,M,M,M,D,T,T,D,T,T,T,D,N,N,N,N,N,D,D,M,D,M,M,M,M,D,T,T,T,D,T,T,D,N,N,N,N,N,D,D,M,M,M,M,D,M,D,T,T,T,D,T,T,D,N,N,N,N,N,D,D,D,M,M,M,M,M,D,T,T,D,T,T,T,D,N,N,N,N,N,D,D,M,M,D,M,M,M,D,T,T,T,D,T,T,D,N,N,N,N,N,D,D,M,M,M,M,D,M,D,D,T,T,T,T,T,D,N,N,N,N,N,D,D,M,M,D,M,M,M,D,T,T,D,T,T,T,D,N,N,N,N,N,D,D,M,M,M,M,D,M,D,T,T,D,T,T,T,D,N,N,N,N,N,D,D,D,M,M,M,M,M,D,T,D,T,T,T,T,D,N,N,N,N,N,D,D,M,M,M,D,M,M,D,T,T,D,T,T,T,D,N,N,N,N,N,D,D,M,M,D,M,M
Engenheiros,2,57,D,N,N,N,N,N,D,D,M,M,M,D,M,M,D,T,D,T,T,T,T,D,N,N,N,N,N,D,D,D,M,M,M,M,M,D,T,T,T,T,D,T,D,N,N,N,N,N,D,D,M,D,M,M,M,M,D,T,T,T,T,D,T,D,N,N,N,N,N,D,D,M,D,M,M,M,M,D,T,D,T,T,T,T,D,N,N,N,N,N,D,D,M,M,M,M,D,M,D,T,T,T,D,T,T,D,N,N,N,N,N,D,D,M,M,M,D,M,M,D,T,D,T,T,T,T,D,N,N,N,N,N,D,D,M,D,M,M,M,M,D,D,T,T,T,T,T,D,N,N,N,N,N,D,D,M,M,M,D,M,M,D,T,T,D,T,T,T,D,N,N,N,N,N,D,D,D,M,M,M,M,M,D,T,T,D,T,T,T,D,N,N,N,N,N,D,D,M,M,D,M,M,M,D,T,T,D,T,T,T,D,N,N,N,N,N,D,D,M,M,D,M,M,M,D,T,T,T,T,D,T,D,N,N,N,N,N,D,D,D,M,M,M,M,M,D,T,T,T,T,D,T,D,N,N,N,N,N,D,D,M,M,D,M,M,M,D,T,T,D,T,T
Engenheiros,2,90,D,N,N,N,N,N,D,D,D,M,M,M,M,M,D,T,T,D,T,T,T,D,N,N,N,N,N,D,D,M,M,D,M,M,M,D,D,T,T,T,T,T,D,N,N,N,N,N,D,D,M,M,D,M,M,M,D,T,T,D,T,T,T,D,N,N,N,N,N,D,D,M,M,M,M,D,M,D,T,T,T,T,D,T,D,N,N,N,N,N,D,D,M,D,M,M,M,M,D,T,D,T,T,T,T,D,N,N,N,N,N,D,D,D,M,M,M,M,M,D,T,T,T,D,T,T,D,N,N,N,N,N,D,D,M,M,M,M,D,M,D,T,T,T,D,T,T,D,N,N,N,N,N,D,D,D,M,M,M,M,M,D,D,T,T,T,T,T,D,N,N,N,N,N,D,D,M,D,M,M,M,M,D,T,D,T,T,T,T,D,N,N,N,N,N,D,D,M,M,M,D,M,M,D,D,T,T,T,T,T,D,N,N,N,N,N,D,D,M,M,M,D,M,M,D,T,D,T,T,T,T,D,N,N,N,N,N,D,D,M,M,D,M,M,M,D,T,D,T,T,T,T,D,N,N,N,N,N,D,D,M,D,M,M,M,M,D,T,D,T,T,T
Engenheiros,2,60,D,N,N,N,N,N,D,D,M,D,M,M,M,M,D,T,T,T,D,T,T,D,N,N,N,N,N,D,D,M,D,M,M,M,M,D,T,T,D,T,T,T,D,N,N,N,N,N,D,D,D,M,M,M,M,M,D,T,D,T,T,T,T,D,N,N,N,N,N,D,D,M,M,D,M,M,M,D,D,T,T,T,T,T,D,N,N,N,N,N,D,D,M,M,D,M,M,M,D,D,T,T,T,T,T,D,N,N,N,N,N,D,D,M,D,M,M,M,M,D,T,T,T,T,D,T,D,N,N,N,N,N,D,D,M,M,D,M,M,M,D,T,T,D,T,T,T,D,N,N,N,N,N,D,D,M,M,M,M,D,M,D,T,T,T,D,T,T,D,N,N,N,N,N,D,D,M,M,M,D,M,M,D,T,T,T,D,T,T,D,N,N,N,N,N,D,D,M,D,M,M,M,M,D,T,D,T,T,T,T,D,N,N,N,N,N,D,D,M,M,M,M,D,M,D,D,T,T,T,T,T,D,N,N,N,N,N,D,D,M,M,M,D,M,M,D,D,T,T,T,T,T,D,N,N,N,N,N,D,D,M,M,M,D,M,M,D,D,T,T,T,T
Engenheiros,2,10,D,N,N,N,N,N,D,D,M,M,D,M,M,M,D,D,T,T,T,T,T,D,N,N,N,N,N,D,D,M,M,M,D,M,M,D,T,T,T,D,T,T,D,N,N,N,N,N,D,D,M,M,M,D,M,M,D,T,T,T,D,T,T,D,N,N,N,N,N,D,D,D,M,M,M,M,M,D,T,T,T,D,T,T,D,N,N,N,N,N,D,D,D,M,M,M,M,M,D,T,T,T,T,D,T,D,N,N,N,N,N,D,D,M,M,D,M,M,M,D,T,T,D,T,T,T,D,N,N,N,N,N,D,D,D,M,M,M,M,M,D,T,D,T,T,T,T,D,N,N,N,N,N,D,D,M,M,D,M,M,M,D,T,T,T,T,D,T,D,N,N,N,N,N,D,D,M,M,D,M,M,M,D,D,T,T,T,T,T,D,N,N,N,N,N,D,D,D,M,M,M,M,M,D,T,T,T,T,D,T,D,N,N,N,N,N,D,D,M,D,M,M,M,M,D,T,T,D,T,T,T,D,N,N,N,N,N,D,D,M,M,M,M,D,M,D,T,T,D,T,T,T,D,N,N,N,N,N,D,D,M,M,M,M,D,M,D,T,T,T,D,T
Engenheiros,2,91,D,N,N,N,N,N,D,D,M,M,M,M,D,M,D,T,T,T,T,D,T,D,N,N,N,N,N,D,D,M,M,M,M,D,M,D,T,D,T,T,T,T,D,N,N,N,N,N,D,D,M,M,M,M,D,M,D,D,T,T,T,T,T,D,N,N,N,N,N,D,D,M,M,M,D,M,M,D,T,T,D,T,T,T,D,N,N,N,N,N,D,D,M,M,M,D,M,M,D,T,T,D,T,T,T,D,N,N,N,N,N,D,D,M,M,M,M,D,M,D,D,T,T,T,T,T,D,N,N,N,N,N,D,D,M,M,M,D,M,M,D,T,T,T,T,D,T,D,N,N,N,N,N,D,D,M,D,M,M,M,M,D,T,D,T,T,T,T,D,N,N,N,N,N,D,D,M,M,M,M,D,M,D,T,T,T,T,D,T,D,N,N,N,N,N,D,D,M,M,M,M,D,M,D,T,T,T,D,T,T,D,N,N,N,N,N,D,D,D,M,M,M,M,M,D,T,T,T,D,T,T,D,N,N,N,N,N,D,D,M,D,M,M,M,M,D,T,T,T,D,T,T,D,N,N,N,N,N,D,D,D,M,M,M,M,M,D,T,T,T,T,D
Controlo de Qualidade,0,5,D,M,M,D,M,M,M,D,T,D,T,T,T,T,D,N,N,N,N,N,D,D,D,M,M,M,M,M,D,T,D,T,T,T,T,D,N,N,N,N,N,D,D,M,M,D,M,M,M,D,T,D,T,T,T,T,D,N,N,N,N,N,D,D,D,M,M,M,M,M,D,T,D,T,T,T,T,D,N,N,N,N,N,D,D,D,M,M,M,M,M,D,T,D,T,T,T,T,D,N,N,N,N,N,D,D,D,M,M,M,M,M,D,D,T,T,T,T,T,D,N,N,N,N,N,D,D,M,M,D,M,M,M,D,T,D,T,T,T,T,D,N,N,N,N,N,D,D,M,M,D,M,M,M,D,T,D,T,T,T,T,D,N,N,N,N,N,D,D,M,D,M,M,M,M,D,D,T,T,T,T,T,D,N,N,N,N,N,D,D,D,M,M,M,M,M,D,T,T,D,T,T,T,D,N,N,N,N,N,D,D,M,D,M,M,M,M,D,D,T,T,T,T,T,D,N,N,N,N,N,D,D,M,D,M,M,M,M,D,T,D,T,T,T,T,D,N,N,N,N,N,D,D,M,D,M,M,M,M,D,D,T,T,T,T,T,D,N,N,N,N,N
Controlo de Qualidade,0,80,D,D,M,M,M,M,M,D,D,T,T,T,T,T,D,N,N,N,N,N,D,D,M,D,M,M,M,M,D,T,T,D,T,T,T,D,N,N,N,N,N,D,D,D,M,M,M,M,M,D,T,T,D,T,T,T,D,N,N,N,N,N,D,D,M,M,D,M,M,M,D,T,T,D,T,T,T,D,N,N,N,N,N,D,D,M,D,M,M,M,M,D,D,T,T,T,T,T,D,N,N,N,N,N,D,D,M,D,M,M,M,M,D,T,T,D,T,T,T,D,N,N,N,N,N,D,D,D,M,M,M,M,M,D,D,T,T,T,T,T,D,N,N,N,N,N,D,D,D,M,M,M,M,M,D,T,T,D,T,T,T,D,N,N,N,N,N,D,D,D,M,M,M,M,M,D,T,T,D,T,T,T,D,N,N,N,N,N,D,D,M,M,D,M,M,M,D,D,T,T,T,T,T,D,N,N,N,N,N,D,D,D,M,M,M,M,M,D,T,D,T,T,T,T,D,N,N,N,N,N,D,D,M,M,D,M,M,M,D,T,T,D,T,T,T,D,N,N,N,N,N,D,D,D,M,M,M,M,M,D,T,D,T,T,T,T,D,N,N,N,N,N
Controlo de Qualidade,0,63,D,M,D,M,M,M,M,D,T,T,D,T,T,T,D,N,N,N,N,N,D,D,M,M,D,M,M,M,D,D,T,T,T,T,T,D,N,N,N,N,N,D,D,M,D,M,M,M,M,D,D,T,T,T,T,T,D,N,N,N,N,N,D,D,M,D,M,M,M,M,D,D,T,T,T,T,T,D,N,N,N,N,N,D,D,M,M,D,M,M,M,D,T,T,D,T,T,T,D,N,N,N,N,N,D,D,M,M,D,M,M,M,D,T,D,T,T,T,T,D,N,N,N,N,N,D,D,M,D,M,M,M,M,D,T,T,D,T,T,T,D,N,N,N,N,N,D,D,M,D,M,M,M,M,D,D,T,T,T,T,T,D,N,N,N,N,N,D,D,M,M,D,M,M,M,D,T,D,T,T,T,T,D,N,N,N,N,N,D,D,M,D,M,M,M,M,D,T,D,T,T,T,T,D,N,N,N,N,N,D,D,M,M,D,M,M,M,D,T,T,D,T,T,T,D,N,N,N,N,N,D,D,D,M,M,M,M,M,D,D,T,T,T,T,T,D,N,N,N,N,N,D,D,M,M,D,M,M,M,D,T,T,D,T,T,T,D,N,N,N,N,N
Controlo de Qualidade,1,1,D,D,T,T,T,T,T,D,N,N,N,N,N,D,D,M,D,M,M,M,M,D,T,D,T,T,T,T,D,N,N,N,N,N,D,D,M,D,M,M,M,M,D,D,T,T,T,T,T,D,N,N,N,N,N,D,D,M,D,M,M,M,M,D,T,T,D,T,T,T,D,N,N,N,N,N,D,D,M,D,M,M,M,M,D,T,T,D,T,T,T,D,N,N,N,N,N,D,D,D,M,M,M,M,M,D,D,T,T,T,T,T,D,N,N,N,N,N,D,D,M,M,D,M,M,M,D,T,T,D,T,T,T,D,N,N,N,N,N,D,D,D,M,M,M,M,M,D,D,T,T,T,T,T,D,N,N,N,N,N,D,D,M,D,M,M,M,M,D,D,T,T,T,T,T,D,N,N,N,N,N,D,D,M,D,M,M,M,M,D,D,T,T,T,T,T,D,N,N,N,N,N,D,D,D,M,M,M,M,M,D,T,T,D,T,T,T,D,N,N,N,N,N,D,D,M,M,D,M,M,M,D,T,T,D,T,T,T,D,N,N,N,N,N,D,D,M,D,M,M,M,M,D,D,T,T,T,T,T,D,N,N,N,N,N,D,D,D,M,M,M,M
Controlo de Qualidade,1,33,D,T,D,T,T,T,T,D,N,N,N,N,N,D,D,M,M,D,M,M,M,D,D,T,T,T,T,T,D,N,N,N,N,N,D,D,D,M,M,M,M,M,D,T,T,D,T,T,T,D,N,N,N,N,N,D,D,M,M,D,M,M,M,D,D,T,T,T,T,T,D,N,N,N,N,N,D,D,M,M,D,M,M,M,D,T,D,T,T,T,T,D,N,N,N,N,N,D,D,M,D,M,M,M,M,D,T,T,D,T,T,T,D,N,N,N,N,N,D,D,M,D,M,M,M,M,D,T,D,T,T,T,T,D,N,N,N,N,N,D,D,M,D,M,M,M,M,D,T,T,D,T,T,T,D,N,N,N,N,N,D,D,D,M,M,M,M,M,D,T,D,T,T,T,T,D,N,N,N,N,N,D,D,M,M,D,M,M,M,D,T,D,T,T,T,T,D,N,N,N,N,N,D,D,M,M,D,M,M,M,D,D,T,T,T,T,T,D,N,N,N,N,N,D,D,D,M,M,M,M,M,D,T,D,T,T,T,T,D,N,N,N,N,N,D,D,M,M,D,M,M,M,D,T,T,D,T,T,T,D,N,N,N,N,N,D,D,M,D,M,M,M
Controlo de Qualidade,1,20,D,T,T,D,T,T,T,D,N,N,N,N,N,D,D,D,M,M,M,M,M,D,T,T,D,T,T,T,D,N,N,N,N,N,D,D,M,M,D,M,M,M,D,T,D,T,T,T,T,D,N,N,N,N,N,D,D,D,M,M,M,M,M,D,T,D,T,T,T,T,D,N,N,N,N,N,D,D,D,M,M,M,M,M,D,D,T,T,T,T,T,D,N,N,N,N,N,D,D,M,M,D,M,M,M,D,T,D,T,T,T,T,D,N,N,N,N,N,D,D,D,M,M,M,M,M,D,D,T,T,T,T,T,D,N,N,N,N,N,D,D,M,M,D,M,M,M,D,T,D,T,T,T,T,D,N,N,N,N,N,D,D,M,M,D,M,M,M,D,T,T,D,T,T,T,D,N,N,N,N,N,D,D,D,M,M,M,M,M,D,T,T,D,T,T,T,D,N,N,N,N,N,D,D,M,D,M,M,M,M,D,T,D,T,T,T,T,D,N,N,N,N,N,D,D,M,D,M,M,M,M,D,D,T,T,T,T,T,D,N,N,N,N,N,D,D,D,M,M,M,M,M,D,T,D,T,T,T,T,D,N,N,N,N,N,D,D,M,M,D,M,M
Controlo de Qualidade,2,58,D,N,N,N,N,N,D,D,M,M,D,M,M,M,D,D,T,T,T,T,T,D,N,N,N,N,N,D,D,D,M,M,M,M,M,D,T,D,T,T,T,T,D,N,N,N,N,N,D,D,M,M,D,M,M,M,D,D,T,T,T,T,T,D,N,N,N,N,N,D,D,M,M,D,M,M,M,D,T,D,T,T,T,T,D,N,N,N,N,N,D,D,M,M,D,M,M,M,D,T,T,D,T,T,T,D,N,N,N,N,N,D,D,M,D,M,M,M,M,D,T,T,D,T,T,T,D,N,N,N,N,N,D,D,M,M,D,M,M,M,D,T,D,T,T,T,T,D,N,N,N,N,N,D,D,M,D,M,M,M,M,D,T,D,T,T,T,T,D,N,N,N,N,N,D,D,M,D,M,M,M,M,D,T,D,T,T,T,T,D,N,N,N,N,N,D,D,M,M,D,M,M,M,D,D,T,T,T,T,T,D,N,N,N,N,N,D,D,D,M,M,M,M,M,D,T,T,D,T,T,T,D,N,N,N,N,N,D,D,M,D,M,M,M,M,D,T,T,D,T,T,T,D,N,N,N,N,N,D,D,D,M,M,M,M,M,D,T,D,T,T,T
Controlo de Qualidade,2,92,D,N,N,N,N,N,D,D,D,M,M,M,M,M,D,T,D,T,T,T,T,D,N,N,N,N,N,D,D,M,D,M,M,M,M,D,T,T,D,T,T,T,D,N,N,N,N,N,D,D,D,M,M,M,M,M,D,T,D,T,T,T,T,D,N,N,N,N,N,D,D,M,D,M,M,M,M,D,T,T,D,T,T,T,D,N,N,N,N,N,D,D,M,D,M,M,M,M,D,T,D,T,T,T,T,D,N,N,N,N,N,D,D,M,M,D,M,M,M,D,D,T,T,T,T,T,D,N,N,N,N,N,D,D,M,D,M,M,M,M,D,D,T,T,T,T,T,D,N,N,N,N,N,D,D,D,M,M,M,M,M,D,T,T,D,T,T,T,D,N,N,N,N,N,D,D,M,M,D,M,M,M,D,T,T,D,T,T,T,D,N,N,N,N,N,D,D,D,M,M,M,M,M,D,T,T,D,T,T,T,D,N,N,N,N,N,D,D,M,D,M,M,M,M,D,D,T,T,T,T,T,D,N,N,N,N,N,D,D,M,M,D,M,M,M,D,T,D,T,T,T,T,D,N,N,N,N,N,D,D,M,D,M,M,M,M,D,T,T,D,T,T
Controlo de Qualidade,2,83,D,N,N,N,N,N,D,D,M,D,M,M,M,M,D,T,T,D,T,T,T,D,N,N,N,N,N,D,D,M,M,D,M,M,M,D,D,T,T,T,T,T,D,N,N,N,N,N,D,D,M,D,M,M,M,M,D,T,T,D,T,T,T,D,N,N,N,N,N,D,D,D,M,M,M,M,M,D,D,T,T,T,T,T,D,N,N,N,N,N,D,D,D,M,M,M,M,M,D,D,T,T,T,T,T,D,N,N,N,N,N,D,D,D,M,M,M,M,M,D,T,D,T,T,T,T,D,N,N,N,N,N,D,D,D,M,M,M,M,M,D,T,T,D,T,T,T,D,N,N,N,N,N,D,D,M,M,D,M,M,M,D,D,T,T,T,T,T,D,N,N,N,N,N,D,D,D,M,M,M,M,M,D,D,T,T,T,T,T,D,N,N,N,N,N,D,D,M,D,M,M,M,M,D,T,D,T,T,T,T,D,N,N,N,N,N,D,D,M,M,D,M,M,M,D,T,D,T,T,T,T,D,N,N,N,N,N,D,D,D,M,M,M,M,M,D,D,T,T,T,T,T,D,N,N,N,N,N,D,D,M,M,D,M,M,M,D,D,T,T,T,T
Armazém,0,28,D,D,M,M,M,M,M,D,D,T,T,T,T,T,D,N,N,N,N,N,D,D,M,D,M,M,M,M,D,T,D,T,T,T,T,D,N,N,N,N,N,D,D,D,M,M,M,M,M,D,D,T,T,T,T,T,D,N,N,N,N,N,D,D,M,D,M,M,M,M,D,D,T,T,T,T,T,D,N,N,N,N,N,D,D,M,D,M,M,M,M,D,T,D,T,T,T,T,D,N,N,N,N,N,D,D,D,M,M,M,M,M,D,T,D,T,T,T,T,D,N,N,N,N,N,D,D,M,D,M,M,M,M,D,T,D,T,T,T,T,D,N,N,N,N,N,D,D,M,D,M,M,M,M,D,T,D,T,T,T,T,D,N,N,N,N,N,D,D,M,D,M,M,M,M,D,D,T,T,T,T,T,D,N,N,N,N,N,D,D,M,D,M,M,M,M,D,T,D,T,T,T,T,D,N,N,N,N,N,D,D,D,M,M,M,M,M,D,D,T,T,T,T,T,D,N,N,N,N,N,D,D,M,D,M,M,M,M,D,D,T,T,T,T,T,D,N,N,N,N,N,D,D,D,M,M,M,M,M,D,D,T,T,T,T,T,D,N,N,N,N,N
Armazém,0,91,D,M,D,M,M,M,M,D,T,D,T,T,T,T,D,N,N,N,N,N,D,D,D,M,M,M,M,M,D,D,T,T,T,T,T,D,N,N,N,N,N,D,D,M,D,M,M,M,M,D,T,D,T,T,T,T,D,N,N,N,N,N,D,D,D,M,M,M,M,M,D,T,D,T,T,T,T,D,N,N,N,N,N,D,D,D,M,M,M,M,M,D,D,T,T,T,T,T,D,N,N,N,N,N,D,D,M,D,M,M,M,M,D,D,T,T,T,T,T,D,N,N,N,N,N,D,D,D,M,M,M,M,M,D,D,T,T,T,T,T,D,N,N,N,N,N,D,D,D,M,M,M,M,M,D,D,T,T,T,T,T,D,N,N,N,N,N,D,D,D,M,M,M,M,M,D,T,D,T,T,T,T,D,N,N,N,N,N,D,D,D,M,M,M,M,M,D,D,T,T,T,T,T,D,N,N,N,N,N,D,D,M,D,M,M,M,M,D,T,D,T,T,T,T,D,N,N,N,N,N,D,D,D,M,M,M,M,M,D,T,D,T,T,T,T,D,N,N,N,N,N,D,D,M,D,M,M,M,M,D,T,D,T,T,T,T,D,N,N,N,N,N
Armazém,1,42,D,D,T,T,T,T,T,D,N,N,N,N,N,D,D,D,M,M,M,M,M,D,T,D,T,T,T,T,D,N,N,N,N,N,D,D,D,M,M,M,M,M,D,T,D,T,T,T,T,D,N,N,N,N,N,D,D,M,D,M,M,M,M,D,D,T,T,T,T,T,D,N,N,N,N,N,D,D,D,M,M,M,M,M,D,D,T,T,T,T,T,D,N,N,N,N,N,D,D,M,D,M,M,M,M,D,D,T,T,T,T,T,D,N,N,N,N,N,D,D,M,D,M,M,M,M,D,T,D,T,T,T,T,D,N,N,N,N,N,D,D,M,D,M,M,M,M,D,T,D,T,T,T,T,D,N,N,N,N,N,D,D,M,D,M,M,M,M,D,T,D,T,T,T,T,D,N,N,N,N,N,D,D,M,D,M,M,M,M,D,D,T,T,T,T,T,D,N,N,N,N,N,D,D,D,M,M,M,M,M,D,T,D,T,T,T,T,D,N,N,N,N,N,D,D,M,D,M,M,M,M,D,T,D,T,T,T,T,D,N,N,N,N,N,D,D,D,M,M,M,M,M,D,D,T,T,T,T,T,D,N,N,N,N,N,D,D,M,D,M,M,M
Armazém,1,87,D,T,D,T,T,T,T,D,N,N,N,N,N,D,D,M,D,M,M,M,M,D,D,T,T,T,T,T,D,N,N,N,N,N,D,D,M,D,M,M,M,M,D,D,T,T,T,T,T,D,N,N,N,N,N,D,D,D,M,M,M,M,M,D,T,D,T,T,T,T,D,N,N,N,N,N,D,D,M,D,M,M,M,M,D,T,D,T,T,T,T,D,N,N,N,N,N,D,D,D,M,M,M,M,M,D,T,D,T,T,T,T,D,N,N,N,N,N,D,D,D,M,M,M,M,M,D,D,T,T,T,T,T,D,N,N,N,N,N,D,D,D,M,M,M,M,M,D,D,T,T,T,T,T,D,N,N,N,N,N,D,D,D,M,M,M,M,M,D,D,T,T,T,T,T,D,N,N,N,N,N,D,D,D,M,M,M,M,M,D,T,D,T,T,T,T,D,N,N,N,N,N,D,D,M,D,M,M,M,M,D,D,T,T,T,T,T,D,N,N,N,N,N,D,D,D,M,M,M,M,M,D,D,T,T,T,T,T,D,N,N,N,N,N,D,D,M,D,M,M,M,M,D,T,D,T,T,T,T,D,N,N,N,N,N,D,D,D,M,M,M,M
Armazém,2,25,D,N,N,N,N,N,D,D,M,D,M,M,M,M,D,T,D,T,T,T,T,D,N,N,N,N,N,D,D,M,D,M,M,M,M,D,D,T,T,T,T,T,D,N,N,N,N,N,D,D,D,M,M,M,M,M,D,T,D,T,T,T,T,D,N,N,N,N,N,D,D,M,D,M,M,M,M,D,T,D,T,T,T,T,D,N,N,N,N,N,D,D,D,M,M,M,M,M,D,D,T,T,T,T,T,D,N,N,N,N,N,D,D,M,D,M,M,M,M,D,T,D,T,T,T,T,D,N,N,N,N,N,D,D,D,M,M,M,M,M,D,D,T,T,T,T,T,D,N,N,N,N,N,D,D,D,M,M,M,M,M,D,D,T,T,T,T,T,D,N,N,N,N,N,D,D,D,M,M,M,M,M,D,D,T,T,T,T,T,D,N,N,N,N,N,D,D,M,D,M,M,M,M,D,D,T,T,T,T,T,D,N,N,N,N,N,D,D,D,M,M,M,M,M,D,T,D,T,T,T,T,D,N,N,N,N,N,D,D,M,D,M,M,M,M,D,T,D,T,T,T,T,D,N,N,N,N,N,D,D,D,M,M,M,M,M,D,T,D,T,T,T
Armazém,2,45,D,N,N,N,N,N,D,D,D,M,M,M,M,M,D,D,T,T,T,T,T,D,N,N,N,N,N,D,D,D,M,M,M,M,M,D,T,D,T,T,T,T,D,N,N,N,N,N,D,D,M,D,M,M,M,M,D,D,T,T,T,T,T,D,N,N,N,N,N,D,D,D,M,M,M,M,M,D,D,T,T,T,T,T,D,N,N,N,N,N,D,D,M,D,M,M,M,M,D,T,D,T,T,T,T,D,N,N,N,N,N,D,D,D,M,M,M,M,M,D,D,T,T,T,T,T,D,N,N,N,N,N,D,D,M,D,M,M,M,M,D,T,D,T,T,T,T,D,N,N,N,N,N,D,D,M,D,M,M,M,M,D,T,D,T,T,T,T,D,N,N,N,N,N,D,D,M,D,M,M,M,M,D,T,D,T,T,T,T,D,N,N,N,N,N,D,D,D,M,M,M,M,M,D,T,D,T,T,T,T,D,N,N,N,N,N,D,D,M,D,M,M,M,M,D,D,T,T,T,T,T,D,N,N,N,N,N,D,D,D,M,M,M,M,M,D,D,T,T,T,T,T,D,N,N,N,N,N,D,D,M,D,M,M,M,M,D,D,T,T,T,T
Logistica,0,21,D,M,D,M,M,M,M,D,T,T,D,T,T,T,D,N,N,N,N,N,D,D,M,D,M,M,M,M,D,T,D,T,T,T,T,D,N,N,N,N,N,D,D,M,D,M,M,M,M,D,D,T,T,T,T,T,D,N,N,N,N,N,D,D,D,M,M,M,M,M,D,T,D,T,T,T,T,D,N,N,N,N,N,D,D,M,M,D,M,M,M,D,D,T,T,T,T,T,D,N,N,N,N,N,D,D,M,D,M,M,M,M,D,D,T,T,T,T,T,D,N,N,N,N,N,D,D,M,M,D,M,M,M,D,T,D,T,T,T,T,D,N,N,N,N,N,D,D,M,M,D,M,M,M,D,T,D,T,T,T,T,D,N,N,N,N,N,D,D,D,M,M,M,M,M,D,T,T,D,T,T,T,D,N,N,N,N,N,D,D,M,M,D,M,M,M,D,T,T,D,T,T,T,D,N,N,N,N,N,D,D,M,M,D,M,M,M,D,D,T,T,T,T,T,D,N,N,N,N,N,D,D,M,D,M,M,M,M,D,T,T,D,T,T,T,D,N,N,N,N,N,D,D,D,M,M,M,M,M,D,T,D,T,T,T,T,D,N,N,N,N,N
Logistica,0,80,D,D,M,M,M,M,M,D,T,D,T,T,T,T,D,N,N,N,N,N,D,D,M,M,D,M,M,M,D,T,T,D,T,T,T,D,N,N,N,N,N,D,D,M,M,D,M,M,M,D,T,D,T,T,T,T,D,N,N,N,N,N,D,D,M,M,D,M,M,M,D,T,T,D,T,T,T,D,N,N,N,N,N,D,D,D,M,M,M,M,M,D,T,T,D,T,T,T,D,N,N,N,N,N,D,D,M,M,D,M,M,M,D,T,D,T,T,T,T,D,N,N,N,N,N,D,D,M,D,M,M,M,M,D,D,T,T,T,T,T,D,N,N,N,N,N,D,D,D,M,M,M,M,M,D,D,T,T,T,T,T,D,N,N,N,N,N,D,D,M,D,M,M,M,M,D,D,T,T,T,T,T,D,N,N,N,N,N,D,D,M,D,M,M,M,M,D,D,T,T,T,T,T,D,N,N,N,N,N,D,D,D,M,M,M,M,M,D,T,T,D,T,T,T,D,N,N,N,N,N,D,D,M,M,D,M,M,M,D,D,T,T,T,T,T,D,N,N,N,N,N,D,D,M,D,M,M,M,M,D,T,T,D,T,T,T,D,N,N,N,N,N
Logistica,0,47,D,M,M,D,M,M,M,D,D,T,T,T,T,T,D,N,N,N,N,N,D,D,D,M,M,M,M,M,D,D,T,T,T,T,T,D,N,N,N,N,N,D,D,D,M,M,M,M,M,D,T,T,D,T,T,T,D,N,N,N,N,N,D,D,M,D,M,M,M,M,D,D,T,T,T,T,T,D,N,N,N,N,N,D,D,M,D,M,M,M,M,D,T,D,T,T,T,T,D,N,N,N,N,N,D,D,D,M,M,M,M,M,D,T,T,D,T,T,T,D,N,N,N,N,N,D,D,D,M,M,M,M,M,D,T,T,D,T,T,T,D,N,N,N,N,N,D,D,M,D,M,M,M,M,D,T,T,D,T,T,T,D,N,N,N,N,N,D,D,M,M,D,M,M,M,D,T,D,T,T,T,T,D,N,N,N,N,N,D,D,D,M,M,M,M,M,D,T,D,T,T,T,T,D,N,N,N,N,N,D,D,M,D,M,M,M,M,D,T,D,T,T,T,T,D,N,N,N,N,N,D,D,D,M,M,M,M,M,D,T,D,T,T,T,T,D,N,N,N,N,N,D,D,M,M,D,M,M,M,D,D,T,T,T,T,T,D,N,N,N,N,N
Logistica,1,81,D,T,T,D,T,T,T,D,N,N,N,N,N,D,D,M,M,D,M,M,M,D,T,T,D,T,T,T,D,N,N,N,N,N,D,D,D,M,M,M,M,M,D,D,T,T,T,T,T,D,N,N,N,N,N,D,D,M,D,M,M,M,M,D,T,T,D,T,T,T,D,N,N,N,N,N,D,D,M,D,M,M,M,M,D,D,T,T,T,T,T,D,N,N,N,N,N,D,D,M,D,M,M,M,M,D,T,T,D,T,T,T,D,N,N,N,N,N,D,D,M,M,D,M,M,M,D,T,D,T,T,T,T,D,N,N,N,N,N,D,D,M,M,D,M,M,M,D,T,T,D,T,T,T,D,N,N,N,N,N,D,D,D,M,M,M,M,M,D,T,D,T,T,T,T,D,N,N,N,N,N,D,D,D,M,M,M,M,M,D,T,T,D,T,T,T,D,N,N,N,N,N,D,D,M,M,D,M,M,M,D,T,T,D,T,T,T,D,N,N,N,N,N,D,D,M,M,D,M,M,M,D,D,T,T,T,T,T,D,N,N,N,N,N,D,D,M,D,M,M,M,M,D,T,D,T,T,T,T,D,N,N,N,N,N,D,D,M,D,M,M,M
Logistica,1,86,D,T,D,T,T,T,T,D,N,N,N,N,N,D,D,M,D,M,M,M,M,D,T,D,T,T,T,T,D,N,N,N,N,N,D,D,M,M,D,M,M,M,D,T,T,D,T,T,T,D,N,N,N,N,N,D,D,D,M,M,M,M,M,D,D,T,T,T,T,T,D,N,N,N,N,N,D,D,D,M,M,M,M,M,D,T,D,T,T,T,T,D,N,N,N,N,N,D,D,D,M,M,M,M,M,D,D,T,T,T,T,T,D,N,N,N,N,N,D,D,D,M,M,M,M,M,D,D,T,T,T,T,T,D,N,N,N,N,N,D,D,M,D,M,M,M,M,D,T,D,T,T,T,T,D,N,N,N,N,N,D,D,M,M,D,M,M,M,D,T,T,D,T,T,T,D,N,N,N,N,N,D,D,M,M,D,M,M,M,D,D,T,T,T,T,T,D,N,N,N,N,N,D,D,M,D,M,M,M,M,D,D,T,T,T,T,T,D,N,N,N,N,N,D,D,D,M,M,M,M,M,D,T,D,T,T,T,T,D,N,N,N,N,N,D,D,D,M,M,M,M,M,D,D,T,T,T,T,T,D,N,N,N,N,N,D,D,D,M,M,M,M
Logistica,1,17,D,D,T,T,T,T,T,D,N,N,N,N,N,D,D,D,M,M,M,M,M,D,D,T,T,T,T,T,D,N,N,N,N,N,D,D,M,D,M,M,M,M,D,T,D,T,T,T,T,D,N,N,N,N,N,D,D,M,M,D,M,M,M,D,T,D,T,T,T,T,D,N,N,N,N,N,D,D,M,M,D,M,M,M,D,T,T,D,T,T,T,D,N,N,N,N,N,D,D,M,M,D,M,M,M,D,T,D,T,T,T,T,D,N,N,N,N,N,D,D,M,D,M,M,M,M,D,T,T,D,T,T,T,D,N,N,N,N,N,D,D,D,M,M,M,M,M,D,D,T,T,T,T,T,D,N,N,N,N,N,D,D,M,D,M,M,M,M,D,D,T,T,T,T,T,D,N,N,N,N,N,D,D,M,D,M,M,M,M,D,T,D,T,T,T,T,D,N,N,N,N,N,D,D,D,M,M,M,M,M,D,T,D,T,T,T,T,D,N,N,N,N,N,D,D,M,D,M,M,M,M,D,T,T,D,T,T,T,D,N,N,N,N,N,D,D,M,M,D,M,M,M,D,T,T,D,T,T,T,D,N,N,N,N,N,D,D,M,M,D,M,M
Logistica,2,87,D,N,N,N,N,N,D,D,M,D,M,M,M,M,D,T,T,D,T,T,T,D,N,N,N,N,N,D,D,M,D,M,M,M,M,D,T,T,D,T,T,T,D,N,N,N,N,N,D,D,D,M,M,M,M,M,D,D,T,T,T,T,T,D,N,N,N,N,N,D,D,D,M,M,M,M,M,D,T,D,T,T,T,T,D,N,N,N,N,N,D,D,D,M,M,M,M,M,D,D,T,T,T,T,T,D,N,N,N,N,N,D,D,M,M,D,M,M,M,D,T,T,D,T,T,T,D,N,N,N,N,N,D,D,M,D,M,M,M,M,D,D,T,T,T,T,T,D,N,N,N,N,N,D,D,M,D,M,M,M,M,D,T,T,D,T,T,T,D,N,N,N,N,N,D,D,M,M,D,M,M,M,D,T,T,D,T,T,T,D,N,N,N,N,N,D,D,M,M,D,M,M,M,D,T,T,D,T,T,T,D,N,N,N,N,N,D,D,D,M,M,M,M,M,D,D,T,T,T,T,T,D,N,N,N,N,N,D,D,D,M,M,M,M,M,D,T,T,D,T,T,T,D,N,N,N,N,N,D,D,M,D,M,M,M,M,D,T,D,T,T,T
Logistica,2,94,D,N,N,N,N,N,D,D,D,M,M,M,M,M,D,T,D,T,T,T,T,D,N,N,N,N,N,D,D,M,M,D,M,M,M,D,T,D,T,T,T,T,D,N,N,N,N,N,D,D,M,M,D,M,M,M,D,T,D,T,T,T,T,D,N,N,N,N,N,D,D,M,M,D,M,M,M,D,D,T,T,T,T,T,D,N,N,N,N,N,D,D,M,M,D,M,M,M,D,T,T,D,T,T,T,D,N,N,N,N,N,D,D,D,M,M,M,M,M,D,T,D,T,T,T,T,D,N,N,N,N,N,D,D,M,M,D,M,M,M,D,T,D,T,T,T,T,D,N,N,N,N,N,D,D,D,M,M,M,M,M,D,D,T,T,T,T,T,D,N,N,N,N,N,D,D,D,M,M,M,M,M,D,D,T,T,T,T,T,D,N,N,N,N,N,D,D,M,D,M,M,M,M,D,D,T,T,T,T,T,D,N,N,N,N,N,D,D,M,D,M,M,M,M,D,T,D,T,T,T,T,D,N,N,N,N,N,D,D,M,D,M,M,M,M,D,D,T,T,T,T,T,D,N,N,N,N,N,D,D,D,M,M,M,M,M,D,T,T,D,T,T
Logistica,2,90,D,N,N,N,N,N,D,D,M,M,D,M,M,M,D,D,T,T,T,T,T,D,N,N,N,N,N,D,D,D,M,M,M,M,M,D,D,T,T,T,T,T,D,N,N,N,N,N,D,D,M,D,M,M,M,M,D,T,T,D,T,T,T,D,N,N,N,N,N,D,D,M,D,M,M,M,M,D,T,T,D,T,T,T,D,N,N,N,N,N,D,D,M,D,M,M,M,M,D,T,D,T,T,T,T,D,N,N,N,N,N,D,D,M,D,M,M,M,M,D,D,T,T,T,T,T,D,N,N,N,N,N,D,D,D,M,M,M,M,M,D,T,T,D,T,T,T,D,N,N,N,N,N,D,D,M,M,D,M,M,M,D,T,D,T,T,T,T,D,N,N,N,N,N,D,D,M,D,M,M,M,M,D,T,D,T,T,T,T,D,N,N,N,N,N,D,D,D,M,M,M,M,M,D,T,D,T,T,T,T,D,N,N,N,N,N,D,D,M,M,D,M,M,M,D,T,T,D,T,T,T,D,N,N,N,N,N,D,D,M,M,D,M,M,M,D,T,D,T,T,T,T,D,N,N,N,N,N,D,D,M,M,D,M,M,M,D,D,T,T,T,T
